id,title,description,servings,time_minutes,difficulty,category,tags,image,image_prompt
kottbullar-med-potatismos-och-lingon,Köttbullar med potatismos och lingon,"En trygg svensk klassiker med mjukt mos, saftiga köttbullar och fräsch gurka.",4,35,easy,kött,"husman, barnvänligt, klassiker",/seed-recipes/images/kottbullar-med-potatismos-och-lingon.png,"Swedish meatballs with mashed potatoes, creamy gravy, lingonberry jam and cucumber, realistic appetizing home-cooked Swedish family dinner, beautifully plated on a simple ceramic plate, fresh modern Scandinavian kitchen table setting, natural daylight, soft shadows, clean beige and warm wood tones, realistic food texture, inviting everyday meal, little premium but still weekday dinner, not luxury restaurant, not fine dining, not overstyled, not cartoon, not illustration, not glossy stock photo, no text, no hands, no people, no logos"
kottbullar-med-kokt-potatis-och-graddsas,Köttbullar med kokt potatis och gräddsås,Klassisk husmanskost som passar både vardag och söndag.,4,35,easy,kött,"husman, vardag, klassiker",/seed-recipes/images/kottbullar-med-kokt-potatis-och-graddsas.png,"Swedish meatballs with boiled potatoes, creamy gravy, lingonberry jam and pickled cucumber, realistic appetizing home-cooked Swedish family dinner, beautifully plated on a simple ceramic plate, fresh modern Scandinavian kitchen table setting, natural daylight, soft shadows, clean beige and warm wood tones, realistic food texture, inviting everyday meal, little premium but still weekday dinner, not luxury restaurant, not fine dining, not overstyled, not cartoon, not illustration, not glossy stock photo, no text, no hands, no people, no logos"
korvstroganoff-med-ris,Korvstroganoff med ris,"Krämig, mild och snabb vardagsfavorit med ris.",4,25,easy,barnfavorit,"snabbt, barnvänligt, budget",/seed-recipes/images/korvstroganoff-med-ris.png,"creamy Swedish sausage stroganoff with rice, realistic appetizing home-cooked Swedish family dinner, beautifully plated on a simple ceramic plate, fresh modern Scandinavian kitchen table setting, natural daylight, soft shadows, clean beige and warm wood tones, realistic food texture, inviting everyday meal, little premium but still weekday dinner, not luxury restaurant, not fine dining, not overstyled, not cartoon, not illustration, not glossy stock photo, no text, no hands, no people, no logos"
falukorv-i-ugn-med-potatismos,Falukorv i ugn med potatismos,En enkel ugnsrätt som känns hemtrevlig och mättande.,4,40,easy,barnfavorit,"barnvänligt, budget, husman",/seed-recipes/images/falukorv-i-ugn-med-potatismos.png,"oven baked Swedish falukorv sausage with mashed potatoes, tomato and melted cheese, realistic appetizing home-cooked Swedish family dinner, beautifully plated on a simple ceramic plate, fresh modern Scandinavian kitchen table setting, natural daylight, soft shadows, clean beige and warm wood tones, realistic food texture, inviting everyday meal, little premium but still weekday dinner, not luxury restaurant, not fine dining, not overstyled, not cartoon, not illustration, not glossy stock photo, no text, no hands, no people, no logos"
pytt-i-panna-med-stekt-agg,Pytt i panna med stekt ägg,Smart restmat som blir en riktig vardagsmiddag.,4,25,easy,budget,"snabbt, rester, husman",/seed-recipes/images/pytt-i-panna-med-stekt-agg.png,"Swedish pytt i panna hash with fried egg and pickled beetroot, realistic appetizing home-cooked Swedish family dinner, beautifully plated on a simple ceramic plate, fresh modern Scandinavian kitchen table setting, natural daylight, soft shadows, clean beige and warm wood tones, realistic food texture, inviting everyday meal, little premium but still weekday dinner, not luxury restaurant, not fine dining, not overstyled, not cartoon, not illustration, not glossy stock photo, no text, no hands, no people, no logos"
biffar-med-potatis-och-brunsas,Biffar med potatis och brunsås,Saftiga biffar med klassiska tillbehör och mild sås.,4,40,medium,kött,"husman, mättande",/seed-recipes/images/biffar-med-potatis-och-brunsas.png,"pan fried Swedish beef patties with boiled potatoes, brown sauce and carrots, realistic appetizing home-cooked Swedish family dinner, beautifully plated on a simple ceramic plate, fresh modern Scandinavian kitchen table setting, natural daylight, soft shadows, clean beige and warm wood tones, realistic food texture, inviting everyday meal, little premium but still weekday dinner, not luxury restaurant, not fine dining, not overstyled, not cartoon, not illustration, not glossy stock photo, no text, no hands, no people, no logos"
pannbiff-med-lok-och-potatis,Pannbiff med lök och potatis,En rejäl husmansrätt med sötstekt lök och potatis.,4,45,medium,kött,"husman, klassiker",/seed-recipes/images/pannbiff-med-lok-och-potatis.png,"Swedish pannbiff beef patties with fried onions, potatoes and lingonberries, realistic appetizing home-cooked Swedish family dinner, beautifully plated on a simple ceramic plate, fresh modern Scandinavian kitchen table setting, natural daylight, soft shadows, clean beige and warm wood tones, realistic food texture, inviting everyday meal, little premium but still weekday dinner, not luxury restaurant, not fine dining, not overstyled, not cartoon, not illustration, not glossy stock photo, no text, no hands, no people, no logos"
kalpudding-med-potatis-och-lingon,Kålpudding med potatis och lingon,Mild och mustig klassiker som sköter sig i ugnen.,4,60,medium,helg,"husman, klassiker",/seed-recipes/images/kalpudding-med-potatis-och-lingon.png,"Swedish cabbage pudding with boiled potatoes and lingonberries, realistic appetizing home-cooked Swedish family dinner, beautifully plated on a simple ceramic plate, fresh modern Scandinavian kitchen table setting, natural daylight, soft shadows, clean beige and warm wood tones, realistic food texture, inviting everyday meal, little premium but still weekday dinner, not luxury restaurant, not fine dining, not overstyled, not cartoon, not illustration, not glossy stock photo, no text, no hands, no people, no logos"
kottfarslimpa-med-graddsas,Köttfärslimpa med gräddsås,En familjevänlig ugnsrätt med klassiska smaker.,4,55,medium,kött,"husman, familj",/seed-recipes/images/kottfarslimpa-med-graddsas.png,"Swedish meatloaf with cream sauce, potatoes, carrots and lingonberries, realistic appetizing home-cooked Swedish family dinner, beautifully plated on a simple ceramic plate, fresh modern Scandinavian kitchen table setting, natural daylight, soft shadows, clean beige and warm wood tones, realistic food texture, inviting everyday meal, little premium but still weekday dinner, not luxury restaurant, not fine dining, not overstyled, not cartoon, not illustration, not glossy stock photo, no text, no hands, no people, no logos"
raggmunk-med-flask-och-lingon,Raggmunk med fläsk och lingon,Frasig husmansfavorit med sälta och lingon.,4,45,medium,helg,"husman, klassiker",/seed-recipes/images/raggmunk-med-flask-och-lingon.png,"Swedish potato pancakes raggmunk with crispy pork and lingonberries, realistic appetizing home-cooked Swedish family dinner, beautifully plated on a simple ceramic plate, fresh modern Scandinavian kitchen table setting, natural daylight, soft shadows, clean beige and warm wood tones, realistic food texture, inviting everyday meal, little premium but still weekday dinner, not luxury restaurant, not fine dining, not overstyled, not cartoon, not illustration, not glossy stock photo, no text, no hands, no people, no logos"
kroppkakor-med-lingon-och-smor,Kroppkakor med lingon och smör,Mättande svensk klassiker med enkla fräscha tillbehör.,4,60,medium,helg,"husman, mättande",/seed-recipes/images/kroppkakor-med-lingon-och-smor.png,"Swedish potato dumplings kroppkakor with lingonberries and melted butter, realistic appetizing home-cooked Swedish family dinner, beautifully plated on a simple ceramic plate, fresh modern Scandinavian kitchen table setting, natural daylight, soft shadows, clean beige and warm wood tones, realistic food texture, inviting everyday meal, little premium but still weekday dinner, not luxury restaurant, not fine dining, not overstyled, not cartoon, not illustration, not glossy stock photo, no text, no hands, no people, no logos"
rotmos-med-flaskkorv,Rotmos med fläskkorv,"Värmande, billig och klassisk vardagsmat.",4,45,easy,budget,"husman, budget",/seed-recipes/images/rotmos-med-flaskkorv.png,"Swedish root vegetable mash rotmos with pork sausage and mustard, realistic appetizing home-cooked Swedish family dinner, beautifully plated on a simple ceramic plate, fresh modern Scandinavian kitchen table setting, natural daylight, soft shadows, clean beige and warm wood tones, realistic food texture, inviting everyday meal, little premium but still weekday dinner, not luxury restaurant, not fine dining, not overstyled, not cartoon, not illustration, not glossy stock photo, no text, no hands, no people, no logos"
kalops-med-potatis-och-rodbetor,Kalops med potatis och rödbetor,Mustig gryta med mild kryddning och klassiska tillbehör.,4,90,medium,helg,"gryta, husman",/seed-recipes/images/kalops-med-potatis-och-rodbetor.png,"Swedish beef stew kalops with potatoes, carrots and pickled beetroot, realistic appetizing home-cooked Swedish family dinner, beautifully plated on a simple ceramic plate, fresh modern Scandinavian kitchen table setting, natural daylight, soft shadows, clean beige and warm wood tones, realistic food texture, inviting everyday meal, little premium but still weekday dinner, not luxury restaurant, not fine dining, not overstyled, not cartoon, not illustration, not glossy stock photo, no text, no hands, no people, no logos"
flaskpannkaka-med-lingon,Fläskpannkaka med lingon,En enkel ugnsfavorit som räcker till många.,4,35,easy,barnfavorit,"barnvänligt, budget, ugn",/seed-recipes/images/flaskpannkaka-med-lingon.png,"Swedish oven pancake with bacon and lingonberry jam, realistic appetizing home-cooked Swedish family dinner, beautifully plated on a simple ceramic plate, fresh modern Scandinavian kitchen table setting, natural daylight, soft shadows, clean beige and warm wood tones, realistic food texture, inviting everyday meal, little premium but still weekday dinner, not luxury restaurant, not fine dining, not overstyled, not cartoon, not illustration, not glossy stock photo, no text, no hands, no people, no logos"
pannkakor-med-bar-och-keso,Pannkakor med bär och keso,Barnvänlig middag med lite mer mättnad från keso.,4,30,easy,barnfavorit,"barnvänligt, vegetariskt",/seed-recipes/images/pannkakor-med-bar-och-keso.png,"thin Swedish pancakes with berries, cottage cheese and carrot sticks, realistic appetizing home-cooked Swedish family dinner, beautifully plated on a simple ceramic plate, fresh modern Scandinavian kitchen table setting, natural daylight, soft shadows, clean beige and warm wood tones, realistic food texture, inviting everyday meal, little premium but still weekday dinner, not luxury restaurant, not fine dining, not overstyled, not cartoon, not illustration, not glossy stock photo, no text, no hands, no people, no logos"
artsoppa-med-pannkakor,Ärtsoppa med pannkakor,"Torsdagsklassiker som är billig, mättande och enkel.",4,35,easy,soppa,"husman, budget",/seed-recipes/images/artsoppa-med-pannkakor.png,"Swedish yellow pea soup with thin pancakes and jam, realistic appetizing home-cooked Swedish family dinner, beautifully plated on a simple ceramic plate, fresh modern Scandinavian kitchen table setting, natural daylight, soft shadows, clean beige and warm wood tones, realistic food texture, inviting everyday meal, little premium but still weekday dinner, not luxury restaurant, not fine dining, not overstyled, not cartoon, not illustration, not glossy stock photo, no text, no hands, no people, no logos"
isterband-med-dillstuvad-potatis,Isterband med dillstuvad potatis,Syrlig korv med krämig dillpotatis och rödbetor.,4,45,medium,helg,"husman, klassiker",/seed-recipes/images/isterband-med-dillstuvad-potatis.png,"Swedish isterband sausage with dill stewed potatoes and beetroot, realistic appetizing home-cooked Swedish family dinner, beautifully plated on a simple ceramic plate, fresh modern Scandinavian kitchen table setting, natural daylight, soft shadows, clean beige and warm wood tones, realistic food texture, inviting everyday meal, little premium but still weekday dinner, not luxury restaurant, not fine dining, not overstyled, not cartoon, not illustration, not glossy stock photo, no text, no hands, no people, no logos"
stekt-falukorv-med-makaroner,Stekt falukorv med makaroner,Supersnabb vardagsmat när det ska vara enkelt.,4,20,easy,budget,"snabbt, barnvänligt, budget",/seed-recipes/images/stekt-falukorv-med-makaroner.png,"fried Swedish falukorv sausage with macaroni and carrots, realistic appetizing home-cooked Swedish family dinner, beautifully plated on a simple ceramic plate, fresh modern Scandinavian kitchen table setting, natural daylight, soft shadows, clean beige and warm wood tones, realistic food texture, inviting everyday meal, little premium but still weekday dinner, not luxury restaurant, not fine dining, not overstyled, not cartoon, not illustration, not glossy stock photo, no text, no hands, no people, no logos"
makaronipudding-med-skinka,Makaronipudding med skinka,Krämig ugnsrätt som fungerar fint som matlåda.,4,45,easy,budget,"ugn, barnvänligt, budget",/seed-recipes/images/makaronipudding-med-skinka.png,"Swedish macaroni pudding with ham and melted cheese, realistic appetizing home-cooked Swedish family dinner, beautifully plated on a simple ceramic plate, fresh modern Scandinavian kitchen table setting, natural daylight, soft shadows, clean beige and warm wood tones, realistic food texture, inviting everyday meal, little premium but still weekday dinner, not luxury restaurant, not fine dining, not overstyled, not cartoon, not illustration, not glossy stock photo, no text, no hands, no people, no logos"
kasslergratang-med-ris,Kasslergratäng med ris,"Mild gratäng med sötma, sälta och ris som bas.",4,40,easy,vardag,"ugn, familj",/seed-recipes/images/kasslergratang-med-ris.png,"Swedish kassler ham gratin with rice, pineapple and cheese, realistic appetizing home-cooked Swedish family dinner, beautifully plated on a simple ceramic plate, fresh modern Scandinavian kitchen table setting, natural daylight, soft shadows, clean beige and warm wood tones, realistic food texture, inviting everyday meal, little premium but still weekday dinner, not luxury restaurant, not fine dining, not overstyled, not cartoon, not illustration, not glossy stock photo, no text, no hands, no people, no logos"
kycklinggryta-med-ris,Kycklinggryta med ris,Kycklinggryta med ris är en vardagsnära rätt med tydliga smaker och enkel servering.,4,30,easy,kyckling,"vardag, familj",/seed-recipes/images/kycklinggryta-med-ris.png,"creamy chicken stew with rice, carrots and peas, realistic appetizing home-cooked Swedish family dinner, beautifully plated on a simple ceramic plate, fresh modern Scandinavian kitchen table setting, natural daylight, soft shadows, clean beige and warm wood tones, realistic food texture, inviting everyday meal, little premium but still weekday dinner, not luxury restaurant, not fine dining, not overstyled, not cartoon, not illustration, not glossy stock photo, no text, no hands, no people, no logos"
kyckling-i-currysas-med-ris,Kyckling i currysås med ris,Kyckling i currysås med ris är en vardagsnära rätt med tydliga smaker och enkel servering.,4,30,easy,kyckling,"vardag, familj",/seed-recipes/images/kyckling-i-currysas-med-ris.png,"mild chicken curry sauce with rice and vegetables, realistic appetizing home-cooked Swedish family dinner, beautifully plated on a simple ceramic plate, fresh modern Scandinavian kitchen table setting, natural daylight, soft shadows, clean beige and warm wood tones, realistic food texture, inviting everyday meal, little premium but still weekday dinner, not luxury restaurant, not fine dining, not overstyled, not cartoon, not illustration, not glossy stock photo, no text, no hands, no people, no logos"
ugnskyckling-med-potatis-och-tzatziki,Ugnskyckling med potatis och tzatziki,Ugnskyckling med potatis och tzatziki är en vardagsnära rätt med tydliga smaker och enkel servering.,4,30,easy,kyckling,"vardag, familj",/seed-recipes/images/ugnskyckling-med-potatis-och-tzatziki.png,"oven baked chicken with potatoes and tzatziki, realistic appetizing home-cooked Swedish family dinner, beautifully plated on a simple ceramic plate, fresh modern Scandinavian kitchen table setting, natural daylight, soft shadows, clean beige and warm wood tones, realistic food texture, inviting everyday meal, little premium but still weekday dinner, not luxury restaurant, not fine dining, not overstyled, not cartoon, not illustration, not glossy stock photo, no text, no hands, no people, no logos"
kycklingwok-med-nudlar,Kycklingwok med nudlar,Kycklingwok med nudlar är en vardagsnära rätt med tydliga smaker och enkel servering.,4,30,easy,kyckling,"vardag, familj",/seed-recipes/images/kycklingwok-med-nudlar.png,"chicken noodle stir fry with vegetables, realistic appetizing home-cooked Swedish family dinner, beautifully plated on a simple ceramic plate, fresh modern Scandinavian kitchen table setting, natural daylight, soft shadows, clean beige and warm wood tones, realistic food texture, inviting everyday meal, little premium but still weekday dinner, not luxury restaurant, not fine dining, not overstyled, not cartoon, not illustration, not glossy stock photo, no text, no hands, no people, no logos"
kycklingfajitas-med-gronsaker,Kycklingfajitas med grönsaker,Kycklingfajitas med grönsaker är en vardagsnära rätt med tydliga smaker och enkel servering.,4,30,easy,kyckling,"vardag, familj",/seed-recipes/images/kycklingfajitas-med-gronsaker.png,"chicken fajitas with peppers, tortillas and sour cream, realistic appetizing home-cooked Swedish family dinner, beautifully plated on a simple ceramic plate, fresh modern Scandinavian kitchen table setting, natural daylight, soft shadows, clean beige and warm wood tones, realistic food texture, inviting everyday meal, little premium but still weekday dinner, not luxury restaurant, not fine dining, not overstyled, not cartoon, not illustration, not glossy stock photo, no text, no hands, no people, no logos"
kycklingsallad-med-pasta,Kycklingsallad med pasta,Kycklingsallad med pasta är en vardagsnära rätt med tydliga smaker och enkel servering.,4,30,easy,kyckling,"vardag, familj",/seed-recipes/images/kycklingsallad-med-pasta.png,"chicken pasta salad with cucumber, tomato and creamy dressing, realistic appetizing home-cooked Swedish family dinner, beautifully plated on a simple ceramic plate, fresh modern Scandinavian kitchen table setting, natural daylight, soft shadows, clean beige and warm wood tones, realistic food texture, inviting everyday meal, little premium but still weekday dinner, not luxury restaurant, not fine dining, not overstyled, not cartoon, not illustration, not glossy stock photo, no text, no hands, no people, no logos"
citronkyckling-med-bulgur,Citronkyckling med bulgur,Citronkyckling med bulgur är en vardagsnära rätt med tydliga smaker och enkel servering.,4,30,easy,kyckling,"vardag, familj",/seed-recipes/images/citronkyckling-med-bulgur.png,"lemon chicken with bulgur and green salad, realistic appetizing home-cooked Swedish family dinner, beautifully plated on a simple ceramic plate, fresh modern Scandinavian kitchen table setting, natural daylight, soft shadows, clean beige and warm wood tones, realistic food texture, inviting everyday meal, little premium but still weekday dinner, not luxury restaurant, not fine dining, not overstyled, not cartoon, not illustration, not glossy stock photo, no text, no hands, no people, no logos"
kycklinglasagne,Kycklinglasagne,Kycklinglasagne är en vardagsnära rätt med tydliga smaker och enkel servering.,4,30,easy,kyckling,"vardag, familj",/seed-recipes/images/kycklinglasagne.png,"chicken lasagna with creamy tomato sauce, realistic appetizing home-cooked Swedish family dinner, beautifully plated on a simple ceramic plate, fresh modern Scandinavian kitchen table setting, natural daylight, soft shadows, clean beige and warm wood tones, realistic food texture, inviting everyday meal, little premium but still weekday dinner, not luxury restaurant, not fine dining, not overstyled, not cartoon, not illustration, not glossy stock photo, no text, no hands, no people, no logos"
kycklingklubbor-med-ris-och-kall-sas,Kycklingklubbor med ris och kall sås,Kycklingklubbor med ris och kall sås är en vardagsnära rätt med tydliga smaker och enkel servering.,4,30,easy,kyckling,"vardag, familj",/seed-recipes/images/kycklingklubbor-med-ris-och-kall-sas.png,"roasted chicken drumsticks with rice and cold yogurt sauce, realistic appetizing home-cooked Swedish family dinner, beautifully plated on a simple ceramic plate, fresh modern Scandinavian kitchen table setting, natural daylight, soft shadows, clean beige and warm wood tones, realistic food texture, inviting everyday meal, little premium but still weekday dinner, not luxury restaurant, not fine dining, not overstyled, not cartoon, not illustration, not glossy stock photo, no text, no hands, no people, no logos"
kycklingbiffar-med-potatis,Kycklingbiffar med potatis,Kycklingbiffar med potatis är en vardagsnära rätt med tydliga smaker och enkel servering.,4,30,easy,kyckling,"vardag, familj",/seed-recipes/images/kycklingbiffar-med-potatis.png,"chicken patties with potatoes and cucumber salad, realistic appetizing home-cooked Swedish family dinner, beautifully plated on a simple ceramic plate, fresh modern Scandinavian kitchen table setting, natural daylight, soft shadows, clean beige and warm wood tones, realistic food texture, inviting everyday meal, little premium but still weekday dinner, not luxury restaurant, not fine dining, not overstyled, not cartoon, not illustration, not glossy stock photo, no text, no hands, no people, no logos"
kramig-kycklingpasta,Krämig kycklingpasta,Krämig kycklingpasta är en vardagsnära rätt med tydliga smaker och enkel servering.,4,30,easy,kyckling,"vardag, familj",/seed-recipes/images/kramig-kycklingpasta.png,"creamy chicken pasta with spinach and parmesan, realistic appetizing home-cooked Swedish family dinner, beautifully plated on a simple ceramic plate, fresh modern Scandinavian kitchen table setting, natural daylight, soft shadows, clean beige and warm wood tones, realistic food texture, inviting everyday meal, little premium but still weekday dinner, not luxury restaurant, not fine dining, not overstyled, not cartoon, not illustration, not glossy stock photo, no text, no hands, no people, no logos"
kycklingenchiladas,Kycklingenchiladas,Kycklingenchiladas är en vardagsnära rätt med tydliga smaker och enkel servering.,4,30,easy,kyckling,"vardag, familj",/seed-recipes/images/kycklingenchiladas.png,"chicken enchiladas with cheese, salsa and salad, realistic appetizing home-cooked Swedish family dinner, beautifully plated on a simple ceramic plate, fresh modern Scandinavian kitchen table setting, natural daylight, soft shadows, clean beige and warm wood tones, realistic food texture, inviting everyday meal, little premium but still weekday dinner, not luxury restaurant, not fine dining, not overstyled, not cartoon, not illustration, not glossy stock photo, no text, no hands, no people, no logos"
lax-med-potatis-och-kall-dillsas,Lax med potatis och kall dillsås,Lax med potatis och kall dillsås är en vardagsnära rätt med tydliga smaker och enkel servering.,4,30,easy,fisk,"vardag, nyttigare",/seed-recipes/images/lax-med-potatis-och-kall-dillsas.png,"oven baked salmon with boiled potatoes and cold dill sauce, realistic appetizing home-cooked Swedish family dinner, beautifully plated on a simple ceramic plate, fresh modern Scandinavian kitchen table setting, natural daylight, soft shadows, clean beige and warm wood tones, realistic food texture, inviting everyday meal, little premium but still weekday dinner, not luxury restaurant, not fine dining, not overstyled, not cartoon, not illustration, not glossy stock photo, no text, no hands, no people, no logos"
panerad-fisk-med-potatis-och-remoulad,Panerad fisk med potatis och remoulad,Panerad fisk med potatis och remoulad är en vardagsnära rätt med tydliga smaker och enkel servering.,4,30,easy,fisk,"vardag, nyttigare",/seed-recipes/images/panerad-fisk-med-potatis-och-remoulad.png,"breaded white fish with potatoes, peas and remoulade sauce, realistic appetizing home-cooked Swedish family dinner, beautifully plated on a simple ceramic plate, fresh modern Scandinavian kitchen table setting, natural daylight, soft shadows, clean beige and warm wood tones, realistic food texture, inviting everyday meal, little premium but still weekday dinner, not luxury restaurant, not fine dining, not overstyled, not cartoon, not illustration, not glossy stock photo, no text, no hands, no people, no logos"
fiskgratang-med-potatismos,Fiskgratäng med potatismos,Fiskgratäng med potatismos är en vardagsnära rätt med tydliga smaker och enkel servering.,4,30,easy,fisk,"vardag, nyttigare",/seed-recipes/images/fiskgratang-med-potatismos.png,"Swedish fish gratin with mashed potatoes and dill, realistic appetizing home-cooked Swedish family dinner, beautifully plated on a simple ceramic plate, fresh modern Scandinavian kitchen table setting, natural daylight, soft shadows, clean beige and warm wood tones, realistic food texture, inviting everyday meal, little premium but still weekday dinner, not luxury restaurant, not fine dining, not overstyled, not cartoon, not illustration, not glossy stock photo, no text, no hands, no people, no logos"
torsk-i-tomatsas-med-ris,Torsk i tomatsås med ris,Torsk i tomatsås med ris är en vardagsnära rätt med tydliga smaker och enkel servering.,4,30,easy,fisk,"vardag, nyttigare",/seed-recipes/images/torsk-i-tomatsas-med-ris.png,"cod in tomato sauce with rice and vegetables, realistic appetizing home-cooked Swedish family dinner, beautifully plated on a simple ceramic plate, fresh modern Scandinavian kitchen table setting, natural daylight, soft shadows, clean beige and warm wood tones, realistic food texture, inviting everyday meal, little premium but still weekday dinner, not luxury restaurant, not fine dining, not overstyled, not cartoon, not illustration, not glossy stock photo, no text, no hands, no people, no logos"
laxpasta-med-citron-och-dill,Laxpasta med citron och dill,Laxpasta med citron och dill är en vardagsnära rätt med tydliga smaker och enkel servering.,4,30,easy,fisk,"vardag, nyttigare",/seed-recipes/images/laxpasta-med-citron-och-dill.png,"creamy salmon pasta with lemon, dill and peas, realistic appetizing home-cooked Swedish family dinner, beautifully plated on a simple ceramic plate, fresh modern Scandinavian kitchen table setting, natural daylight, soft shadows, clean beige and warm wood tones, realistic food texture, inviting everyday meal, little premium but still weekday dinner, not luxury restaurant, not fine dining, not overstyled, not cartoon, not illustration, not glossy stock photo, no text, no hands, no people, no logos"
fisktacos-med-vitlokssas,Fisktacos med vitlökssås,Fisktacos med vitlökssås är en vardagsnära rätt med tydliga smaker och enkel servering.,4,30,easy,fisk,"vardag, nyttigare",/seed-recipes/images/fisktacos-med-vitlokssas.png,"fish tacos with cabbage, cucumber and garlic sauce, realistic appetizing home-cooked Swedish family dinner, beautifully plated on a simple ceramic plate, fresh modern Scandinavian kitchen table setting, natural daylight, soft shadows, clean beige and warm wood tones, realistic food texture, inviting everyday meal, little premium but still weekday dinner, not luxury restaurant, not fine dining, not overstyled, not cartoon, not illustration, not glossy stock photo, no text, no hands, no people, no logos"
lax-teriyaki-med-ris,Lax teriyaki med ris,Lax teriyaki med ris är en vardagsnära rätt med tydliga smaker och enkel servering.,4,30,easy,fisk,"vardag, nyttigare",/seed-recipes/images/lax-teriyaki-med-ris.png,"salmon teriyaki with rice and broccoli, realistic appetizing home-cooked Swedish family dinner, beautifully plated on a simple ceramic plate, fresh modern Scandinavian kitchen table setting, natural daylight, soft shadows, clean beige and warm wood tones, realistic food texture, inviting everyday meal, little premium but still weekday dinner, not luxury restaurant, not fine dining, not overstyled, not cartoon, not illustration, not glossy stock photo, no text, no hands, no people, no logos"
tonfiskpasta-med-tomat,Tonfiskpasta med tomat,Tonfiskpasta med tomat är en vardagsnära rätt med tydliga smaker och enkel servering.,4,30,easy,fisk,"vardag, nyttigare",/seed-recipes/images/tonfiskpasta-med-tomat.png,"tuna tomato pasta with herbs, realistic appetizing home-cooked Swedish family dinner, beautifully plated on a simple ceramic plate, fresh modern Scandinavian kitchen table setting, natural daylight, soft shadows, clean beige and warm wood tones, realistic food texture, inviting everyday meal, little premium but still weekday dinner, not luxury restaurant, not fine dining, not overstyled, not cartoon, not illustration, not glossy stock photo, no text, no hands, no people, no logos"
rakwok-med-nudlar,Räkwok med nudlar,Räkwok med nudlar är en vardagsnära rätt med tydliga smaker och enkel servering.,4,30,easy,fisk,"vardag, nyttigare",/seed-recipes/images/rakwok-med-nudlar.png,"shrimp noodle stir fry with vegetables, realistic appetizing home-cooked Swedish family dinner, beautifully plated on a simple ceramic plate, fresh modern Scandinavian kitchen table setting, natural daylight, soft shadows, clean beige and warm wood tones, realistic food texture, inviting everyday meal, little premium but still weekday dinner, not luxury restaurant, not fine dining, not overstyled, not cartoon, not illustration, not glossy stock photo, no text, no hands, no people, no logos"
laxburgare-med-potatis,Laxburgare med potatis,Laxburgare med potatis är en vardagsnära rätt med tydliga smaker och enkel servering.,4,30,easy,fisk,"vardag, nyttigare",/seed-recipes/images/laxburgare-med-potatis.png,"salmon burger with roasted potatoes and salad, realistic appetizing home-cooked Swedish family dinner, beautifully plated on a simple ceramic plate, fresh modern Scandinavian kitchen table setting, natural daylight, soft shadows, clean beige and warm wood tones, realistic food texture, inviting everyday meal, little premium but still weekday dinner, not luxury restaurant, not fine dining, not overstyled, not cartoon, not illustration, not glossy stock photo, no text, no hands, no people, no logos"
ugnstorsk-med-aggsas,Ugnstorsk med äggsås,Ugnstorsk med äggsås är en vardagsnära rätt med tydliga smaker och enkel servering.,4,30,easy,fisk,"vardag, nyttigare",/seed-recipes/images/ugnstorsk-med-aggsas.png,"oven baked cod with egg sauce and potatoes, realistic appetizing home-cooked Swedish family dinner, beautifully plated on a simple ceramic plate, fresh modern Scandinavian kitchen table setting, natural daylight, soft shadows, clean beige and warm wood tones, realistic food texture, inviting everyday meal, little premium but still weekday dinner, not luxury restaurant, not fine dining, not overstyled, not cartoon, not illustration, not glossy stock photo, no text, no hands, no people, no logos"
kramig-fiskgryta-med-potatis,Krämig fiskgryta med potatis,Krämig fiskgryta med potatis är en vardagsnära rätt med tydliga smaker och enkel servering.,4,30,easy,fisk,"vardag, nyttigare",/seed-recipes/images/kramig-fiskgryta-med-potatis.png,"creamy fish stew with potatoes, carrots and dill, realistic appetizing home-cooked Swedish family dinner, beautifully plated on a simple ceramic plate, fresh modern Scandinavian kitchen table setting, natural daylight, soft shadows, clean beige and warm wood tones, realistic food texture, inviting everyday meal, little premium but still weekday dinner, not luxury restaurant, not fine dining, not overstyled, not cartoon, not illustration, not glossy stock photo, no text, no hands, no people, no logos"
halloumibowl-med-ris,Halloumibowl med ris,Halloumibowl med ris är en vardagsnära rätt med tydliga smaker och enkel servering.,4,30,easy,vegetariskt,"vardag, vegetariskt",/seed-recipes/images/halloumibowl-med-ris.png,"halloumi rice bowl with cucumber, tomato, corn and yogurt sauce, realistic appetizing home-cooked Swedish family dinner, beautifully plated on a simple ceramic plate, fresh modern Scandinavian kitchen table setting, natural daylight, soft shadows, clean beige and warm wood tones, realistic food texture, inviting everyday meal, little premium but still weekday dinner, not luxury restaurant, not fine dining, not overstyled, not cartoon, not illustration, not glossy stock photo, no text, no hands, no people, no logos"
vegetarisk-tacogratang,Vegetarisk tacogratäng,Vegetarisk tacogratäng är en vardagsnära rätt med tydliga smaker och enkel servering.,4,30,easy,vegetariskt,"vardag, vegetariskt",/seed-recipes/images/vegetarisk-tacogratang.png,"vegetarian taco gratin with beans, corn, cheese and salsa, realistic appetizing home-cooked Swedish family dinner, beautifully plated on a simple ceramic plate, fresh modern Scandinavian kitchen table setting, natural daylight, soft shadows, clean beige and warm wood tones, realistic food texture, inviting everyday meal, little premium but still weekday dinner, not luxury restaurant, not fine dining, not overstyled, not cartoon, not illustration, not glossy stock photo, no text, no hands, no people, no logos"
kramig-halloumipasta,Krämig halloumipasta,Krämig halloumipasta är en vardagsnära rätt med tydliga smaker och enkel servering.,4,30,easy,vegetariskt,"vardag, vegetariskt",/seed-recipes/images/kramig-halloumipasta.png,"creamy halloumi pasta with tomato and spinach, realistic appetizing home-cooked Swedish family dinner, beautifully plated on a simple ceramic plate, fresh modern Scandinavian kitchen table setting, natural daylight, soft shadows, clean beige and warm wood tones, realistic food texture, inviting everyday meal, little premium but still weekday dinner, not luxury restaurant, not fine dining, not overstyled, not cartoon, not illustration, not glossy stock photo, no text, no hands, no people, no logos"
linsgryta-med-ris,Linsgryta med ris,Linsgryta med ris är en vardagsnära rätt med tydliga smaker och enkel servering.,4,30,easy,vegetariskt,"vardag, vegetariskt",/seed-recipes/images/linsgryta-med-ris.png,"red lentil stew with rice and carrots, realistic appetizing home-cooked Swedish family dinner, beautifully plated on a simple ceramic plate, fresh modern Scandinavian kitchen table setting, natural daylight, soft shadows, clean beige and warm wood tones, realistic food texture, inviting everyday meal, little premium but still weekday dinner, not luxury restaurant, not fine dining, not overstyled, not cartoon, not illustration, not glossy stock photo, no text, no hands, no people, no logos"
vegetarisk-lasagne,Vegetarisk lasagne,Vegetarisk lasagne är en vardagsnära rätt med tydliga smaker och enkel servering.,4,30,easy,vegetariskt,"vardag, vegetariskt",/seed-recipes/images/vegetarisk-lasagne.png,"vegetarian lasagna with spinach, tomato and cheese, realistic appetizing home-cooked Swedish family dinner, beautifully plated on a simple ceramic plate, fresh modern Scandinavian kitchen table setting, natural daylight, soft shadows, clean beige and warm wood tones, realistic food texture, inviting everyday meal, little premium but still weekday dinner, not luxury restaurant, not fine dining, not overstyled, not cartoon, not illustration, not glossy stock photo, no text, no hands, no people, no logos"
falafel-med-couscous-och-vitlokssas,Falafel med couscous och vitlökssås,Falafel med couscous och vitlökssås är en vardagsnära rätt med tydliga smaker och enkel servering.,4,30,easy,vegetariskt,"vardag, vegetariskt",/seed-recipes/images/falafel-med-couscous-och-vitlokssas.png,"falafel with couscous, salad and garlic sauce, realistic appetizing home-cooked Swedish family dinner, beautifully plated on a simple ceramic plate, fresh modern Scandinavian kitchen table setting, natural daylight, soft shadows, clean beige and warm wood tones, realistic food texture, inviting everyday meal, little premium but still weekday dinner, not luxury restaurant, not fine dining, not overstyled, not cartoon, not illustration, not glossy stock photo, no text, no hands, no people, no logos"
bonchili-med-ris,Bönchili med ris,Bönchili med ris är en vardagsnära rätt med tydliga smaker och enkel servering.,4,30,easy,vegetariskt,"vardag, vegetariskt",/seed-recipes/images/bonchili-med-ris.png,"bean chili with rice, corn and sour cream, realistic appetizing home-cooked Swedish family dinner, beautifully plated on a simple ceramic plate, fresh modern Scandinavian kitchen table setting, natural daylight, soft shadows, clean beige and warm wood tones, realistic food texture, inviting everyday meal, little premium but still weekday dinner, not luxury restaurant, not fine dining, not overstyled, not cartoon, not illustration, not glossy stock photo, no text, no hands, no people, no logos"
omelett-med-potatis-och-sallad,Omelett med potatis och sallad,Omelett med potatis och sallad är en vardagsnära rätt med tydliga smaker och enkel servering.,4,30,easy,vegetariskt,"vardag, vegetariskt",/seed-recipes/images/omelett-med-potatis-och-sallad.png,"potato omelette with salad and cheese, realistic appetizing home-cooked Swedish family dinner, beautifully plated on a simple ceramic plate, fresh modern Scandinavian kitchen table setting, natural daylight, soft shadows, clean beige and warm wood tones, realistic food texture, inviting everyday meal, little premium but still weekday dinner, not luxury restaurant, not fine dining, not overstyled, not cartoon, not illustration, not glossy stock photo, no text, no hands, no people, no logos"
kikartsgryta-med-kokosmjolk,Kikärtsgryta med kokosmjölk,Kikärtsgryta med kokosmjölk är en vardagsnära rätt med tydliga smaker och enkel servering.,4,30,easy,vegetariskt,"vardag, vegetariskt",/seed-recipes/images/kikartsgryta-med-kokosmjolk.png,"chickpea coconut stew with rice and vegetables, realistic appetizing home-cooked Swedish family dinner, beautifully plated on a simple ceramic plate, fresh modern Scandinavian kitchen table setting, natural daylight, soft shadows, clean beige and warm wood tones, realistic food texture, inviting everyday meal, little premium but still weekday dinner, not luxury restaurant, not fine dining, not overstyled, not cartoon, not illustration, not glossy stock photo, no text, no hands, no people, no logos"
vegetariska-biffar-med-potatis,Vegetariska biffar med potatis,Vegetariska biffar med potatis är en vardagsnära rätt med tydliga smaker och enkel servering.,4,30,easy,vegetariskt,"vardag, vegetariskt",/seed-recipes/images/vegetariska-biffar-med-potatis.png,"vegetarian patties with potatoes and cold herb sauce, realistic appetizing home-cooked Swedish family dinner, beautifully plated on a simple ceramic plate, fresh modern Scandinavian kitchen table setting, natural daylight, soft shadows, clean beige and warm wood tones, realistic food texture, inviting everyday meal, little premium but still weekday dinner, not luxury restaurant, not fine dining, not overstyled, not cartoon, not illustration, not glossy stock photo, no text, no hands, no people, no logos"
pasta-pesto-med-mozzarella,Pasta pesto med mozzarella,Pasta pesto med mozzarella är en vardagsnära rätt med tydliga smaker och enkel servering.,4,30,easy,vegetariskt,"vardag, vegetariskt",/seed-recipes/images/pasta-pesto-med-mozzarella.png,"pesto pasta with mozzarella and cherry tomatoes, realistic appetizing home-cooked Swedish family dinner, beautifully plated on a simple ceramic plate, fresh modern Scandinavian kitchen table setting, natural daylight, soft shadows, clean beige and warm wood tones, realistic food texture, inviting everyday meal, little premium but still weekday dinner, not luxury restaurant, not fine dining, not overstyled, not cartoon, not illustration, not glossy stock photo, no text, no hands, no people, no logos"
ugnsrostad-rotfruktsbowl,Ugnsrostad rotfruktsbowl,Ugnsrostad rotfruktsbowl är en vardagsnära rätt med tydliga smaker och enkel servering.,4,30,easy,vegetariskt,"vardag, vegetariskt",/seed-recipes/images/ugnsrostad-rotfruktsbowl.png,"roasted root vegetable bowl with grains and yogurt sauce, realistic appetizing home-cooked Swedish family dinner, beautifully plated on a simple ceramic plate, fresh modern Scandinavian kitchen table setting, natural daylight, soft shadows, clean beige and warm wood tones, realistic food texture, inviting everyday meal, little premium but still weekday dinner, not luxury restaurant, not fine dining, not overstyled, not cartoon, not illustration, not glossy stock photo, no text, no hands, no people, no logos"
spaghetti-med-kottfarssas,Spaghetti med köttfärssås,Spaghetti med köttfärssås är en vardagsnära rätt med tydliga smaker och enkel servering.,4,30,easy,pasta,vardag,/seed-recipes/images/spaghetti-med-kottfarssas.png,"spaghetti bolognese Swedish family style with grated cheese, realistic appetizing home-cooked Swedish family dinner, beautifully plated on a simple ceramic plate, fresh modern Scandinavian kitchen table setting, natural daylight, soft shadows, clean beige and warm wood tones, realistic food texture, inviting everyday meal, little premium but still weekday dinner, not luxury restaurant, not fine dining, not overstyled, not cartoon, not illustration, not glossy stock photo, no text, no hands, no people, no logos"
pasta-carbonara-med-artor,Pasta carbonara med ärtor,Pasta carbonara med ärtor är en vardagsnära rätt med tydliga smaker och enkel servering.,4,30,easy,pasta,vardag,/seed-recipes/images/pasta-carbonara-med-artor.png,"creamy pasta carbonara with peas and parmesan, realistic appetizing home-cooked Swedish family dinner, beautifully plated on a simple ceramic plate, fresh modern Scandinavian kitchen table setting, natural daylight, soft shadows, clean beige and warm wood tones, realistic food texture, inviting everyday meal, little premium but still weekday dinner, not luxury restaurant, not fine dining, not overstyled, not cartoon, not illustration, not glossy stock photo, no text, no hands, no people, no logos"
lasagne-med-kottfars,Lasagne med köttfärs,Lasagne med köttfärs är en vardagsnära rätt med tydliga smaker och enkel servering.,4,30,easy,pasta,vardag,/seed-recipes/images/lasagne-med-kottfars.png,"classic beef lasagna with green salad, realistic appetizing home-cooked Swedish family dinner, beautifully plated on a simple ceramic plate, fresh modern Scandinavian kitchen table setting, natural daylight, soft shadows, clean beige and warm wood tones, realistic food texture, inviting everyday meal, little premium but still weekday dinner, not luxury restaurant, not fine dining, not overstyled, not cartoon, not illustration, not glossy stock photo, no text, no hands, no people, no logos"
pasta-med-skinksas,Pasta med skinksås,Pasta med skinksås är en vardagsnära rätt med tydliga smaker och enkel servering.,4,30,easy,pasta,vardag,/seed-recipes/images/pasta-med-skinksas.png,"pasta with creamy ham sauce and peas, realistic appetizing home-cooked Swedish family dinner, beautifully plated on a simple ceramic plate, fresh modern Scandinavian kitchen table setting, natural daylight, soft shadows, clean beige and warm wood tones, realistic food texture, inviting everyday meal, little premium but still weekday dinner, not luxury restaurant, not fine dining, not overstyled, not cartoon, not illustration, not glossy stock photo, no text, no hands, no people, no logos"
kramig-tomatpasta,Krämig tomatpasta,Krämig tomatpasta är en vardagsnära rätt med tydliga smaker och enkel servering.,4,30,easy,pasta,vardag,/seed-recipes/images/kramig-tomatpasta.png,"creamy tomato pasta with basil and cheese, realistic appetizing home-cooked Swedish family dinner, beautifully plated on a simple ceramic plate, fresh modern Scandinavian kitchen table setting, natural daylight, soft shadows, clean beige and warm wood tones, realistic food texture, inviting everyday meal, little premium but still weekday dinner, not luxury restaurant, not fine dining, not overstyled, not cartoon, not illustration, not glossy stock photo, no text, no hands, no people, no logos"
pasta-med-kyckling-och-pesto,Pasta med kyckling och pesto,Pasta med kyckling och pesto är en vardagsnära rätt med tydliga smaker och enkel servering.,4,30,easy,pasta,vardag,/seed-recipes/images/pasta-med-kyckling-och-pesto.png,"chicken pesto pasta with tomatoes, realistic appetizing home-cooked Swedish family dinner, beautifully plated on a simple ceramic plate, fresh modern Scandinavian kitchen table setting, natural daylight, soft shadows, clean beige and warm wood tones, realistic food texture, inviting everyday meal, little premium but still weekday dinner, not luxury restaurant, not fine dining, not overstyled, not cartoon, not illustration, not glossy stock photo, no text, no hands, no people, no logos"
pasta-med-bacon-och-broccoli,Pasta med bacon och broccoli,Pasta med bacon och broccoli är en vardagsnära rätt med tydliga smaker och enkel servering.,4,30,easy,pasta,vardag,/seed-recipes/images/pasta-med-bacon-och-broccoli.png,"pasta with bacon, broccoli and creamy sauce, realistic appetizing home-cooked Swedish family dinner, beautifully plated on a simple ceramic plate, fresh modern Scandinavian kitchen table setting, natural daylight, soft shadows, clean beige and warm wood tones, realistic food texture, inviting everyday meal, little premium but still weekday dinner, not luxury restaurant, not fine dining, not overstyled, not cartoon, not illustration, not glossy stock photo, no text, no hands, no people, no logos"
pastagratang-med-kottfars,Pastagratäng med köttfärs,Pastagratäng med köttfärs är en vardagsnära rätt med tydliga smaker och enkel servering.,4,30,easy,pasta,vardag,/seed-recipes/images/pastagratang-med-kottfars.png,"pasta gratin with beef mince, tomato and melted cheese, realistic appetizing home-cooked Swedish family dinner, beautifully plated on a simple ceramic plate, fresh modern Scandinavian kitchen table setting, natural daylight, soft shadows, clean beige and warm wood tones, realistic food texture, inviting everyday meal, little premium but still weekday dinner, not luxury restaurant, not fine dining, not overstyled, not cartoon, not illustration, not glossy stock photo, no text, no hands, no people, no logos"
pasta-med-korv-och-tomatsas,Pasta med korv och tomatsås,Pasta med korv och tomatsås är en vardagsnära rätt med tydliga smaker och enkel servering.,4,30,easy,pasta,vardag,/seed-recipes/images/pasta-med-korv-och-tomatsas.png,"pasta with Swedish sausage and tomato sauce, realistic appetizing home-cooked Swedish family dinner, beautifully plated on a simple ceramic plate, fresh modern Scandinavian kitchen table setting, natural daylight, soft shadows, clean beige and warm wood tones, realistic food texture, inviting everyday meal, little premium but still weekday dinner, not luxury restaurant, not fine dining, not overstyled, not cartoon, not illustration, not glossy stock photo, no text, no hands, no people, no logos"
tortellini-med-ostsas,Tortellini med ostsås,Tortellini med ostsås är en vardagsnära rätt med tydliga smaker och enkel servering.,4,30,easy,pasta,vardag,/seed-recipes/images/tortellini-med-ostsas.png,"cheese tortellini with creamy sauce and salad, realistic appetizing home-cooked Swedish family dinner, beautifully plated on a simple ceramic plate, fresh modern Scandinavian kitchen table setting, natural daylight, soft shadows, clean beige and warm wood tones, realistic food texture, inviting everyday meal, little premium but still weekday dinner, not luxury restaurant, not fine dining, not overstyled, not cartoon, not illustration, not glossy stock photo, no text, no hands, no people, no logos"
pasta-med-rakor-och-citron,Pasta med räkor och citron,Pasta med räkor och citron är en vardagsnära rätt med tydliga smaker och enkel servering.,4,30,easy,pasta,vardag,/seed-recipes/images/pasta-med-rakor-och-citron.png,"shrimp lemon pasta with dill, realistic appetizing home-cooked Swedish family dinner, beautifully plated on a simple ceramic plate, fresh modern Scandinavian kitchen table setting, natural daylight, soft shadows, clean beige and warm wood tones, realistic food texture, inviting everyday meal, little premium but still weekday dinner, not luxury restaurant, not fine dining, not overstyled, not cartoon, not illustration, not glossy stock photo, no text, no hands, no people, no logos"
makaroner-med-ost-och-skinksas,Makaroner med ost- och skinksås,Makaroner med ost- och skinksås är en vardagsnära rätt med tydliga smaker och enkel servering.,4,30,easy,pasta,vardag,/seed-recipes/images/makaroner-med-ost-och-skinksas.png,"macaroni with cheese and ham sauce, realistic appetizing home-cooked Swedish family dinner, beautifully plated on a simple ceramic plate, fresh modern Scandinavian kitchen table setting, natural daylight, soft shadows, clean beige and warm wood tones, realistic food texture, inviting everyday meal, little premium but still weekday dinner, not luxury restaurant, not fine dining, not overstyled, not cartoon, not illustration, not glossy stock photo, no text, no hands, no people, no logos"
tomatsoppa-med-ostsmorgas,Tomatsoppa med ostsmörgås,Tomatsoppa med ostsmörgås är en vardagsnära rätt med tydliga smaker och enkel servering.,4,35,easy,soppa,vardag,/seed-recipes/images/tomatsoppa-med-ostsmorgas.png,"tomato soup with grilled cheese sandwich, realistic appetizing home-cooked Swedish family dinner, beautifully plated on a simple ceramic plate, fresh modern Scandinavian kitchen table setting, natural daylight, soft shadows, clean beige and warm wood tones, realistic food texture, inviting everyday meal, little premium but still weekday dinner, not luxury restaurant, not fine dining, not overstyled, not cartoon, not illustration, not glossy stock photo, no text, no hands, no people, no logos"
potatis-och-purjolokssoppa,Potatis- och purjolökssoppa,Potatis- och purjolökssoppa är en vardagsnära rätt med tydliga smaker och enkel servering.,4,35,easy,soppa,vardag,/seed-recipes/images/potatis-och-purjolokssoppa.png,"potato leek soup with bread, realistic appetizing home-cooked Swedish family dinner, beautifully plated on a simple ceramic plate, fresh modern Scandinavian kitchen table setting, natural daylight, soft shadows, clean beige and warm wood tones, realistic food texture, inviting everyday meal, little premium but still weekday dinner, not luxury restaurant, not fine dining, not overstyled, not cartoon, not illustration, not glossy stock photo, no text, no hands, no people, no logos"
kycklingsoppa-med-nudlar,Kycklingsoppa med nudlar,Kycklingsoppa med nudlar är en vardagsnära rätt med tydliga smaker och enkel servering.,4,35,easy,soppa,vardag,/seed-recipes/images/kycklingsoppa-med-nudlar.png,"chicken noodle soup with vegetables, realistic appetizing home-cooked Swedish family dinner, beautifully plated on a simple ceramic plate, fresh modern Scandinavian kitchen table setting, natural daylight, soft shadows, clean beige and warm wood tones, realistic food texture, inviting everyday meal, little premium but still weekday dinner, not luxury restaurant, not fine dining, not overstyled, not cartoon, not illustration, not glossy stock photo, no text, no hands, no people, no logos"
morotssoppa-med-ingefara,Morotssoppa med ingefära,Morotssoppa med ingefära är en vardagsnära rätt med tydliga smaker och enkel servering.,4,35,easy,soppa,vardag,/seed-recipes/images/morotssoppa-med-ingefara.png,"carrot ginger soup with yogurt and bread, realistic appetizing home-cooked Swedish family dinner, beautifully plated on a simple ceramic plate, fresh modern Scandinavian kitchen table setting, natural daylight, soft shadows, clean beige and warm wood tones, realistic food texture, inviting everyday meal, little premium but still weekday dinner, not luxury restaurant, not fine dining, not overstyled, not cartoon, not illustration, not glossy stock photo, no text, no hands, no people, no logos"
blomkalssoppa-med-bacon,Blomkålssoppa med bacon,Blomkålssoppa med bacon är en vardagsnära rätt med tydliga smaker och enkel servering.,4,35,easy,soppa,vardag,/seed-recipes/images/blomkalssoppa-med-bacon.png,"creamy cauliflower soup with crispy bacon, realistic appetizing home-cooked Swedish family dinner, beautifully plated on a simple ceramic plate, fresh modern Scandinavian kitchen table setting, natural daylight, soft shadows, clean beige and warm wood tones, realistic food texture, inviting everyday meal, little premium but still weekday dinner, not luxury restaurant, not fine dining, not overstyled, not cartoon, not illustration, not glossy stock photo, no text, no hands, no people, no logos"
kottfarssoppa-med-potatis,Köttfärssoppa med potatis,Köttfärssoppa med potatis är en vardagsnära rätt med tydliga smaker och enkel servering.,4,35,easy,soppa,vardag,/seed-recipes/images/kottfarssoppa-med-potatis.png,"minced beef soup with potatoes and vegetables, realistic appetizing home-cooked Swedish family dinner, beautifully plated on a simple ceramic plate, fresh modern Scandinavian kitchen table setting, natural daylight, soft shadows, clean beige and warm wood tones, realistic food texture, inviting everyday meal, little premium but still weekday dinner, not luxury restaurant, not fine dining, not overstyled, not cartoon, not illustration, not glossy stock photo, no text, no hands, no people, no logos"
fisksoppa-med-saffranston,Fisksoppa med saffranston,Fisksoppa med saffranston är en vardagsnära rätt med tydliga smaker och enkel servering.,4,35,easy,soppa,vardag,/seed-recipes/images/fisksoppa-med-saffranston.png,"creamy fish soup with potatoes and dill, realistic appetizing home-cooked Swedish family dinner, beautifully plated on a simple ceramic plate, fresh modern Scandinavian kitchen table setting, natural daylight, soft shadows, clean beige and warm wood tones, realistic food texture, inviting everyday meal, little premium but still weekday dinner, not luxury restaurant, not fine dining, not overstyled, not cartoon, not illustration, not glossy stock photo, no text, no hands, no people, no logos"
linssoppa-med-brod,Linssoppa med bröd,Linssoppa med bröd är en vardagsnära rätt med tydliga smaker och enkel servering.,4,35,easy,soppa,vardag,/seed-recipes/images/linssoppa-med-brod.png,"red lentil soup with bread and herbs, realistic appetizing home-cooked Swedish family dinner, beautifully plated on a simple ceramic plate, fresh modern Scandinavian kitchen table setting, natural daylight, soft shadows, clean beige and warm wood tones, realistic food texture, inviting everyday meal, little premium but still weekday dinner, not luxury restaurant, not fine dining, not overstyled, not cartoon, not illustration, not glossy stock photo, no text, no hands, no people, no logos"
broccolisoppa-med-agghalva,Broccolisoppa med ägghalva,Broccolisoppa med ägghalva är en vardagsnära rätt med tydliga smaker och enkel servering.,4,35,easy,soppa,vardag,/seed-recipes/images/broccolisoppa-med-agghalva.png,"broccoli soup with boiled egg and bread, realistic appetizing home-cooked Swedish family dinner, beautifully plated on a simple ceramic plate, fresh modern Scandinavian kitchen table setting, natural daylight, soft shadows, clean beige and warm wood tones, realistic food texture, inviting everyday meal, little premium but still weekday dinner, not luxury restaurant, not fine dining, not overstyled, not cartoon, not illustration, not glossy stock photo, no text, no hands, no people, no logos"
gulaschsoppa-med-graddfil,Gulaschsoppa med gräddfil,Gulaschsoppa med gräddfil är en vardagsnära rätt med tydliga smaker och enkel servering.,4,35,easy,soppa,vardag,/seed-recipes/images/gulaschsoppa-med-graddfil.png,"goulash soup with sour cream and bread, realistic appetizing home-cooked Swedish family dinner, beautifully plated on a simple ceramic plate, fresh modern Scandinavian kitchen table setting, natural daylight, soft shadows, clean beige and warm wood tones, realistic food texture, inviting everyday meal, little premium but still weekday dinner, not luxury restaurant, not fine dining, not overstyled, not cartoon, not illustration, not glossy stock photo, no text, no hands, no people, no logos"
milda-tacos-med-kottfars,Milda tacos med köttfärs,Milda tacos med köttfärs är en vardagsnära rätt med tydliga smaker och enkel servering.,4,30,easy,barnfavorit,"vardag, snabbt, barnvänligt",/seed-recipes/images/milda-tacos-med-kottfars.png,"mild beef tacos with tortillas, lettuce, tomato salsa, cucumber, corn and sour cream, realistic appetizing home-cooked Swedish family dinner, beautifully plated on a simple ceramic plate, fresh modern Scandinavian kitchen table setting, natural daylight, soft shadows, clean beige and warm wood tones, realistic food texture, inviting everyday meal, little premium but still weekday dinner, not luxury restaurant, not fine dining, not overstyled, not cartoon, not illustration, not glossy stock photo, no text, no hands, no people, no logos"
tacobowl-med-ris,Tacobowl med ris,Tacobowl med ris är en vardagsnära rätt med tydliga smaker och enkel servering.,4,30,easy,barnfavorit,"vardag, snabbt, barnvänligt",/seed-recipes/images/tacobowl-med-ris.png,"taco rice bowl with beef mince, corn, cucumber, tomato and sour cream, realistic appetizing home-cooked Swedish family dinner, beautifully plated on a simple ceramic plate, fresh modern Scandinavian kitchen table setting, natural daylight, soft shadows, clean beige and warm wood tones, realistic food texture, inviting everyday meal, little premium but still weekday dinner, not luxury restaurant, not fine dining, not overstyled, not cartoon, not illustration, not glossy stock photo, no text, no hands, no people, no logos"
kycklingtacos,Kycklingtacos,Kycklingtacos är en vardagsnära rätt med tydliga smaker och enkel servering.,4,30,easy,barnfavorit,"vardag, snabbt, barnvänligt",/seed-recipes/images/kycklingtacos.png,"chicken tacos with soft tortillas, lettuce, tomato salsa, cucumber, corn and sour cream, realistic appetizing home-cooked Swedish family dinner, beautifully plated on a simple ceramic plate, fresh modern Scandinavian kitchen table setting, natural daylight, soft shadows, clean beige and warm wood tones, realistic food texture, inviting everyday meal, little premium but still weekday dinner, not luxury restaurant, not fine dining, not overstyled, not cartoon, not illustration, not glossy stock photo, no text, no hands, no people, no logos"
tacopaj-med-sallad,Tacopaj med sallad,Tacopaj med sallad är en vardagsnära rätt med tydliga smaker och enkel servering.,4,30,easy,barnfavorit,"vardag, snabbt, barnvänligt",/seed-recipes/images/tacopaj-med-sallad.png,"Swedish taco pie with salad and sour cream, realistic appetizing home-cooked Swedish family dinner, beautifully plated on a simple ceramic plate, fresh modern Scandinavian kitchen table setting, natural daylight, soft shadows, clean beige and warm wood tones, realistic food texture, inviting everyday meal, little premium but still weekday dinner, not luxury restaurant, not fine dining, not overstyled, not cartoon, not illustration, not glossy stock photo, no text, no hands, no people, no logos"
taconachos-med-kottfars,Taconachos med köttfärs,Taconachos med köttfärs är en vardagsnära rätt med tydliga smaker och enkel servering.,4,30,easy,barnfavorit,"vardag, snabbt, barnvänligt",/seed-recipes/images/taconachos-med-kottfars.png,"loaded taco nachos with beef mince, cheese, salsa and sour cream, realistic appetizing home-cooked Swedish family dinner, beautifully plated on a simple ceramic plate, fresh modern Scandinavian kitchen table setting, natural daylight, soft shadows, clean beige and warm wood tones, realistic food texture, inviting everyday meal, little premium but still weekday dinner, not luxury restaurant, not fine dining, not overstyled, not cartoon, not illustration, not glossy stock photo, no text, no hands, no people, no logos"
vegetariska-tacos-med-bonor,Vegetariska tacos med bönor,Vegetariska tacos med bönor är en vardagsnära rätt med tydliga smaker och enkel servering.,4,30,easy,barnfavorit,"vardag, snabbt, barnvänligt",/seed-recipes/images/vegetariska-tacos-med-bonor.png,"vegetarian bean tacos with corn, salsa, avocado and sour cream, realistic appetizing home-cooked Swedish family dinner, beautifully plated on a simple ceramic plate, fresh modern Scandinavian kitchen table setting, natural daylight, soft shadows, clean beige and warm wood tones, realistic food texture, inviting everyday meal, little premium but still weekday dinner, not luxury restaurant, not fine dining, not overstyled, not cartoon, not illustration, not glossy stock photo, no text, no hands, no people, no logos"
tacoquesadillas,Tacoquesadillas,Tacoquesadillas är en vardagsnära rätt med tydliga smaker och enkel servering.,4,30,easy,barnfavorit,"vardag, snabbt, barnvänligt",/seed-recipes/images/tacoquesadillas.png,"taco quesadillas with cheese, beef mince and salad, realistic appetizing home-cooked Swedish family dinner, beautifully plated on a simple ceramic plate, fresh modern Scandinavian kitchen table setting, natural daylight, soft shadows, clean beige and warm wood tones, realistic food texture, inviting everyday meal, little premium but still weekday dinner, not luxury restaurant, not fine dining, not overstyled, not cartoon, not illustration, not glossy stock photo, no text, no hands, no people, no logos"
tacosallad-med-ris,Tacosallad med ris,Tacosallad med ris är en vardagsnära rätt med tydliga smaker och enkel servering.,4,30,easy,barnfavorit,"vardag, snabbt, barnvänligt",/seed-recipes/images/tacosallad-med-ris.png,"taco salad bowl with rice, beef mince, vegetables and dressing, realistic appetizing home-cooked Swedish family dinner, beautifully plated on a simple ceramic plate, fresh modern Scandinavian kitchen table setting, natural daylight, soft shadows, clean beige and warm wood tones, realistic food texture, inviting everyday meal, little premium but still weekday dinner, not luxury restaurant, not fine dining, not overstyled, not cartoon, not illustration, not glossy stock photo, no text, no hands, no people, no logos"
chili-con-carne-med-ris,Chili con carne med ris,Chili con carne med ris är en vardagsnära rätt med tydliga smaker och enkel servering.,4,30,easy,budget,"vardag, snabbt, barnvänligt",/seed-recipes/images/chili-con-carne-med-ris.png,"chili con carne with rice, beans and sour cream, realistic appetizing home-cooked Swedish family dinner, beautifully plated on a simple ceramic plate, fresh modern Scandinavian kitchen table setting, natural daylight, soft shadows, clean beige and warm wood tones, realistic food texture, inviting everyday meal, little premium but still weekday dinner, not luxury restaurant, not fine dining, not overstyled, not cartoon, not illustration, not glossy stock photo, no text, no hands, no people, no logos"
kebabgryta-med-ris,Kebabgryta med ris,Kebabgryta med ris är en vardagsnära rätt med tydliga smaker och enkel servering.,4,30,easy,budget,"vardag, snabbt, barnvänligt",/seed-recipes/images/kebabgryta-med-ris.png,"creamy kebab stew with rice, cucumber and tomato, realistic appetizing home-cooked Swedish family dinner, beautifully plated on a simple ceramic plate, fresh modern Scandinavian kitchen table setting, natural daylight, soft shadows, clean beige and warm wood tones, realistic food texture, inviting everyday meal, little premium but still weekday dinner, not luxury restaurant, not fine dining, not overstyled, not cartoon, not illustration, not glossy stock photo, no text, no hands, no people, no logos"
kottfarsgratang-med-potatis,Köttfärsgratäng med potatis,Köttfärsgratäng med potatis är en vardagsnära rätt med tydliga smaker och enkel servering.,4,30,easy,budget,"vardag, snabbt, barnvänligt",/seed-recipes/images/kottfarsgratang-med-potatis.png,"minced beef and potato gratin with cheese, realistic appetizing home-cooked Swedish family dinner, beautifully plated on a simple ceramic plate, fresh modern Scandinavian kitchen table setting, natural daylight, soft shadows, clean beige and warm wood tones, realistic food texture, inviting everyday meal, little premium but still weekday dinner, not luxury restaurant, not fine dining, not overstyled, not cartoon, not illustration, not glossy stock photo, no text, no hands, no people, no logos"
risotto-med-kyckling-och-artor,Risotto med kyckling och ärtor,Risotto med kyckling och ärtor är en vardagsnära rätt med tydliga smaker och enkel servering.,4,30,easy,budget,"vardag, snabbt, barnvänligt",/seed-recipes/images/risotto-med-kyckling-och-artor.png,"simple chicken risotto with peas and parmesan, realistic appetizing home-cooked Swedish family dinner, beautifully plated on a simple ceramic plate, fresh modern Scandinavian kitchen table setting, natural daylight, soft shadows, clean beige and warm wood tones, realistic food texture, inviting everyday meal, little premium but still weekday dinner, not luxury restaurant, not fine dining, not overstyled, not cartoon, not illustration, not glossy stock photo, no text, no hands, no people, no logos"
nudelwok-med-agg,Nudelwok med ägg,Nudelwok med ägg är en vardagsnära rätt med tydliga smaker och enkel servering.,4,30,easy,budget,"vardag, snabbt, barnvänligt",/seed-recipes/images/nudelwok-med-agg.png,"egg noodle stir fry with vegetables, realistic appetizing home-cooked Swedish family dinner, beautifully plated on a simple ceramic plate, fresh modern Scandinavian kitchen table setting, natural daylight, soft shadows, clean beige and warm wood tones, realistic food texture, inviting everyday meal, little premium but still weekday dinner, not luxury restaurant, not fine dining, not overstyled, not cartoon, not illustration, not glossy stock photo, no text, no hands, no people, no logos"
potatisbullar-med-bacon-och-lingon,Potatisbullar med bacon och lingon,Potatisbullar med bacon och lingon är en vardagsnära rätt med tydliga smaker och enkel servering.,4,30,easy,budget,"vardag, snabbt, barnvänligt",/seed-recipes/images/potatisbullar-med-bacon-och-lingon.png,"potato cakes with bacon and lingonberries, realistic appetizing home-cooked Swedish family dinner, beautifully plated on a simple ceramic plate, fresh modern Scandinavian kitchen table setting, natural daylight, soft shadows, clean beige and warm wood tones, realistic food texture, inviting everyday meal, little premium but still weekday dinner, not luxury restaurant, not fine dining, not overstyled, not cartoon, not illustration, not glossy stock photo, no text, no hands, no people, no logos"
bakad-potatis-med-skinkrora,Bakad potatis med skinkröra,Bakad potatis med skinkröra är en vardagsnära rätt med tydliga smaker och enkel servering.,4,30,easy,budget,"vardag, snabbt, barnvänligt",/seed-recipes/images/bakad-potatis-med-skinkrora.png,"baked potato with creamy ham filling and salad, realistic appetizing home-cooked Swedish family dinner, beautifully plated on a simple ceramic plate, fresh modern Scandinavian kitchen table setting, natural daylight, soft shadows, clean beige and warm wood tones, realistic food texture, inviting everyday meal, little premium but still weekday dinner, not luxury restaurant, not fine dining, not overstyled, not cartoon, not illustration, not glossy stock photo, no text, no hands, no people, no logos"
grillkorv-med-potatismos,Grillkorv med potatismos,Grillkorv med potatismos är en vardagsnära rätt med tydliga smaker och enkel servering.,4,30,easy,budget,"vardag, snabbt, barnvänligt",/seed-recipes/images/grillkorv-med-potatismos.png,"grilled sausage with mashed potatoes and cucumber, realistic appetizing home-cooked Swedish family dinner, beautifully plated on a simple ceramic plate, fresh modern Scandinavian kitchen table setting, natural daylight, soft shadows, clean beige and warm wood tones, realistic food texture, inviting everyday meal, little premium but still weekday dinner, not luxury restaurant, not fine dining, not overstyled, not cartoon, not illustration, not glossy stock photo, no text, no hands, no people, no logos"
risgrynsgrot-med-smorgas,Risgrynsgröt med smörgås,Risgrynsgröt med smörgås är en vardagsnära rätt med tydliga smaker och enkel servering.,4,30,easy,budget,"vardag, snabbt, barnvänligt",/seed-recipes/images/risgrynsgrot-med-smorgas.png,"rice porridge with cinnamon and sandwich, realistic appetizing home-cooked Swedish family dinner, beautifully plated on a simple ceramic plate, fresh modern Scandinavian kitchen table setting, natural daylight, soft shadows, clean beige and warm wood tones, realistic food texture, inviting everyday meal, little premium but still weekday dinner, not luxury restaurant, not fine dining, not overstyled, not cartoon, not illustration, not glossy stock photo, no text, no hands, no people, no logos"
ugnspannkaka-med-apple,Ugnspannkaka med äpple,Ugnspannkaka med äpple är en vardagsnära rätt med tydliga smaker och enkel servering.,4,30,easy,budget,"vardag, snabbt, barnvänligt",/seed-recipes/images/ugnspannkaka-med-apple.png,"oven pancake with apple slices and berries, realistic appetizing home-cooked Swedish family dinner, beautifully plated on a simple ceramic plate, fresh modern Scandinavian kitchen table setting, natural daylight, soft shadows, clean beige and warm wood tones, realistic food texture, inviting everyday meal, little premium but still weekday dinner, not luxury restaurant, not fine dining, not overstyled, not cartoon, not illustration, not glossy stock photo, no text, no hands, no people, no logos"
kycklingbiffar-med-ris-och-kall-ortsas,Kycklingbiffar med ris och kall örtsås,"En tydlig vardagstallrik med kycklingbiffar, ris och kall örtsås.",4,30,easy,kyckling,"vardag, familj, nyttigare",/seed-recipes/images/kycklingbiffar-med-ris-och-kall-ortsas.png,"chicken patties with rice, cold herb sauce, cucumber, tomato and corn, realistic appetizing home-cooked Swedish family dinner, beautifully plated on a simple ceramic plate, fresh modern Scandinavian kitchen table setting, natural daylight, soft shadows, clean beige and warm wood tones, realistic food texture, inviting everyday meal, little premium but still weekday dinner, not luxury restaurant, not fine dining, not overstyled, not cartoon, not illustration, not glossy stock photo, no text, no hands, no people, no logos"
kycklingbiffar-med-ris-och-vitlokssas,Kycklingbiffar med ris och vitlökssås,"En tydlig vardagstallrik med kycklingbiffar, ris och vitlökssås.",4,30,easy,kyckling,"vardag, familj, nyttigare",/seed-recipes/images/kycklingbiffar-med-ris-och-vitlokssas.png,"chicken patties with rice, garlic sauce, broccoli and carrots, realistic appetizing home-cooked Swedish family dinner, beautifully plated on a simple ceramic plate, fresh modern Scandinavian kitchen table setting, natural daylight, soft shadows, clean beige and warm wood tones, realistic food texture, inviting everyday meal, little premium but still weekday dinner, not luxury restaurant, not fine dining, not overstyled, not cartoon, not illustration, not glossy stock photo, no text, no hands, no people, no logos"
kycklingbiffar-med-ris-och-tomatsalsa,Kycklingbiffar med ris och tomatsalsa,"En tydlig vardagstallrik med kycklingbiffar, ris och tomatsalsa.",4,30,easy,kyckling,"vardag, familj, nyttigare",/seed-recipes/images/kycklingbiffar-med-ris-och-tomatsalsa.png,"chicken patties with rice, tomato salsa, peppers, red onion and salad, realistic appetizing home-cooked Swedish family dinner, beautifully plated on a simple ceramic plate, fresh modern Scandinavian kitchen table setting, natural daylight, soft shadows, clean beige and warm wood tones, realistic food texture, inviting everyday meal, little premium but still weekday dinner, not luxury restaurant, not fine dining, not overstyled, not cartoon, not illustration, not glossy stock photo, no text, no hands, no people, no logos"
kycklingbiffar-med-ris-och-graddsas,Kycklingbiffar med ris och gräddsås,"En tydlig vardagstallrik med kycklingbiffar, ris och gräddsås.",4,30,easy,kyckling,"vardag, familj, nyttigare",/seed-recipes/images/kycklingbiffar-med-ris-och-graddsas.png,"chicken patties with rice, cream sauce, peas and lemon, realistic appetizing home-cooked Swedish family dinner, beautifully plated on a simple ceramic plate, fresh modern Scandinavian kitchen table setting, natural daylight, soft shadows, clean beige and warm wood tones, realistic food texture, inviting everyday meal, little premium but still weekday dinner, not luxury restaurant, not fine dining, not overstyled, not cartoon, not illustration, not glossy stock photo, no text, no hands, no people, no logos"
kycklingbiffar-med-ris-och-citronsas,Kycklingbiffar med ris och citronsås,"En tydlig vardagstallrik med kycklingbiffar, ris och citronsås.",4,30,easy,kyckling,"vardag, familj, nyttigare",/seed-recipes/images/kycklingbiffar-med-ris-och-citronsas.png,"chicken patties with rice, lemon yogurt sauce, cabbage and carrots, realistic appetizing home-cooked Swedish family dinner, beautifully plated on a simple ceramic plate, fresh modern Scandinavian kitchen table setting, natural daylight, soft shadows, clean beige and warm wood tones, realistic food texture, inviting everyday meal, little premium but still weekday dinner, not luxury restaurant, not fine dining, not overstyled, not cartoon, not illustration, not glossy stock photo, no text, no hands, no people, no logos"
kycklingbiffar-med-potatis-och-kall-ortsas,Kycklingbiffar med potatis och kall örtsås,"En tydlig vardagstallrik med kycklingbiffar, potatis och kall örtsås.",4,30,easy,kyckling,"vardag, familj, nyttigare",/seed-recipes/images/kycklingbiffar-med-potatis-och-kall-ortsas.png,"chicken patties with boiled potatoes, cold herb sauce, cucumber, tomato and corn, realistic appetizing home-cooked Swedish family dinner, beautifully plated on a simple ceramic plate, fresh modern Scandinavian kitchen table setting, natural daylight, soft shadows, clean beige and warm wood tones, realistic food texture, inviting everyday meal, little premium but still weekday dinner, not luxury restaurant, not fine dining, not overstyled, not cartoon, not illustration, not glossy stock photo, no text, no hands, no people, no logos"
kycklingbiffar-med-potatis-och-vitlokssas,Kycklingbiffar med potatis och vitlökssås,"En tydlig vardagstallrik med kycklingbiffar, potatis och vitlökssås.",4,30,easy,kyckling,"vardag, familj, nyttigare",/seed-recipes/images/kycklingbiffar-med-potatis-och-vitlokssas.png,"chicken patties with boiled potatoes, garlic sauce, broccoli and carrots, realistic appetizing home-cooked Swedish family dinner, beautifully plated on a simple ceramic plate, fresh modern Scandinavian kitchen table setting, natural daylight, soft shadows, clean beige and warm wood tones, realistic food texture, inviting everyday meal, little premium but still weekday dinner, not luxury restaurant, not fine dining, not overstyled, not cartoon, not illustration, not glossy stock photo, no text, no hands, no people, no logos"
kycklingbiffar-med-potatis-och-tomatsalsa,Kycklingbiffar med potatis och tomatsalsa,"En tydlig vardagstallrik med kycklingbiffar, potatis och tomatsalsa.",4,30,easy,kyckling,"vardag, familj, nyttigare",/seed-recipes/images/kycklingbiffar-med-potatis-och-tomatsalsa.png,"chicken patties with boiled potatoes, tomato salsa, peppers, red onion and salad, realistic appetizing home-cooked Swedish family dinner, beautifully plated on a simple ceramic plate, fresh modern Scandinavian kitchen table setting, natural daylight, soft shadows, clean beige and warm wood tones, realistic food texture, inviting everyday meal, little premium but still weekday dinner, not luxury restaurant, not fine dining, not overstyled, not cartoon, not illustration, not glossy stock photo, no text, no hands, no people, no logos"
kycklingbiffar-med-potatis-och-graddsas,Kycklingbiffar med potatis och gräddsås,"En tydlig vardagstallrik med kycklingbiffar, potatis och gräddsås.",4,30,easy,kyckling,"vardag, familj, nyttigare",/seed-recipes/images/kycklingbiffar-med-potatis-och-graddsas.png,"chicken patties with boiled potatoes, cream sauce, peas and lemon, realistic appetizing home-cooked Swedish family dinner, beautifully plated on a simple ceramic plate, fresh modern Scandinavian kitchen table setting, natural daylight, soft shadows, clean beige and warm wood tones, realistic food texture, inviting everyday meal, little premium but still weekday dinner, not luxury restaurant, not fine dining, not overstyled, not cartoon, not illustration, not glossy stock photo, no text, no hands, no people, no logos"
kycklingbiffar-med-potatis-och-citronsas,Kycklingbiffar med potatis och citronsås,"En tydlig vardagstallrik med kycklingbiffar, potatis och citronsås.",4,30,easy,kyckling,"vardag, familj, nyttigare",/seed-recipes/images/kycklingbiffar-med-potatis-och-citronsas.png,"chicken patties with boiled potatoes, lemon yogurt sauce, cabbage and carrots, realistic appetizing home-cooked Swedish family dinner, beautifully plated on a simple ceramic plate, fresh modern Scandinavian kitchen table setting, natural daylight, soft shadows, clean beige and warm wood tones, realistic food texture, inviting everyday meal, little premium but still weekday dinner, not luxury restaurant, not fine dining, not overstyled, not cartoon, not illustration, not glossy stock photo, no text, no hands, no people, no logos"
kycklingbiffar-med-rostad-potatis-och-kall-ortsas,Kycklingbiffar med rostad potatis och kall örtsås,"En tydlig vardagstallrik med kycklingbiffar, rostad potatis och kall örtsås.",4,40,easy,kyckling,"vardag, familj, nyttigare",/seed-recipes/images/kycklingbiffar-med-rostad-potatis-och-kall-ortsas.png,"chicken patties with roasted potatoes, cold herb sauce, cucumber, tomato and corn, realistic appetizing home-cooked Swedish family dinner, beautifully plated on a simple ceramic plate, fresh modern Scandinavian kitchen table setting, natural daylight, soft shadows, clean beige and warm wood tones, realistic food texture, inviting everyday meal, little premium but still weekday dinner, not luxury restaurant, not fine dining, not overstyled, not cartoon, not illustration, not glossy stock photo, no text, no hands, no people, no logos"
kycklingbiffar-med-rostad-potatis-och-vitlokssas,Kycklingbiffar med rostad potatis och vitlökssås,"En tydlig vardagstallrik med kycklingbiffar, rostad potatis och vitlökssås.",4,40,easy,kyckling,"vardag, familj, nyttigare",/seed-recipes/images/kycklingbiffar-med-rostad-potatis-och-vitlokssas.png,"chicken patties with roasted potatoes, garlic sauce, broccoli and carrots, realistic appetizing home-cooked Swedish family dinner, beautifully plated on a simple ceramic plate, fresh modern Scandinavian kitchen table setting, natural daylight, soft shadows, clean beige and warm wood tones, realistic food texture, inviting everyday meal, little premium but still weekday dinner, not luxury restaurant, not fine dining, not overstyled, not cartoon, not illustration, not glossy stock photo, no text, no hands, no people, no logos"
kycklingbiffar-med-rostad-potatis-och-tomatsalsa,Kycklingbiffar med rostad potatis och tomatsalsa,"En tydlig vardagstallrik med kycklingbiffar, rostad potatis och tomatsalsa.",4,40,easy,kyckling,"vardag, familj, nyttigare",/seed-recipes/images/kycklingbiffar-med-rostad-potatis-och-tomatsalsa.png,"chicken patties with roasted potatoes, tomato salsa, peppers, red onion and salad, realistic appetizing home-cooked Swedish family dinner, beautifully plated on a simple ceramic plate, fresh modern Scandinavian kitchen table setting, natural daylight, soft shadows, clean beige and warm wood tones, realistic food texture, inviting everyday meal, little premium but still weekday dinner, not luxury restaurant, not fine dining, not overstyled, not cartoon, not illustration, not glossy stock photo, no text, no hands, no people, no logos"
kycklingbiffar-med-rostad-potatis-och-graddsas,Kycklingbiffar med rostad potatis och gräddsås,"En tydlig vardagstallrik med kycklingbiffar, rostad potatis och gräddsås.",4,40,easy,kyckling,"vardag, familj, nyttigare",/seed-recipes/images/kycklingbiffar-med-rostad-potatis-och-graddsas.png,"chicken patties with roasted potatoes, cream sauce, peas and lemon, realistic appetizing home-cooked Swedish family dinner, beautifully plated on a simple ceramic plate, fresh modern Scandinavian kitchen table setting, natural daylight, soft shadows, clean beige and warm wood tones, realistic food texture, inviting everyday meal, little premium but still weekday dinner, not luxury restaurant, not fine dining, not overstyled, not cartoon, not illustration, not glossy stock photo, no text, no hands, no people, no logos"
kycklingbiffar-med-rostad-potatis-och-citronsas,Kycklingbiffar med rostad potatis och citronsås,"En tydlig vardagstallrik med kycklingbiffar, rostad potatis och citronsås.",4,40,easy,kyckling,"vardag, familj, nyttigare",/seed-recipes/images/kycklingbiffar-med-rostad-potatis-och-citronsas.png,"chicken patties with roasted potatoes, lemon yogurt sauce, cabbage and carrots, realistic appetizing home-cooked Swedish family dinner, beautifully plated on a simple ceramic plate, fresh modern Scandinavian kitchen table setting, natural daylight, soft shadows, clean beige and warm wood tones, realistic food texture, inviting everyday meal, little premium but still weekday dinner, not luxury restaurant, not fine dining, not overstyled, not cartoon, not illustration, not glossy stock photo, no text, no hands, no people, no logos"
kycklingbiffar-med-pasta-och-kall-ortsas,Kycklingbiffar med pasta och kall örtsås,"En tydlig vardagstallrik med kycklingbiffar, pasta och kall örtsås.",4,30,easy,kyckling,"vardag, familj, nyttigare",/seed-recipes/images/kycklingbiffar-med-pasta-och-kall-ortsas.png,"chicken patties with pasta, cold herb sauce, cucumber, tomato and corn, realistic appetizing home-cooked Swedish family dinner, beautifully plated on a simple ceramic plate, fresh modern Scandinavian kitchen table setting, natural daylight, soft shadows, clean beige and warm wood tones, realistic food texture, inviting everyday meal, little premium but still weekday dinner, not luxury restaurant, not fine dining, not overstyled, not cartoon, not illustration, not glossy stock photo, no text, no hands, no people, no logos"
kycklingbiffar-med-pasta-och-vitlokssas,Kycklingbiffar med pasta och vitlökssås,"En tydlig vardagstallrik med kycklingbiffar, pasta och vitlökssås.",4,30,easy,kyckling,"vardag, familj, nyttigare",/seed-recipes/images/kycklingbiffar-med-pasta-och-vitlokssas.png,"chicken patties with pasta, garlic sauce, broccoli and carrots, realistic appetizing home-cooked Swedish family dinner, beautifully plated on a simple ceramic plate, fresh modern Scandinavian kitchen table setting, natural daylight, soft shadows, clean beige and warm wood tones, realistic food texture, inviting everyday meal, little premium but still weekday dinner, not luxury restaurant, not fine dining, not overstyled, not cartoon, not illustration, not glossy stock photo, no text, no hands, no people, no logos"
kycklingbiffar-med-pasta-och-tomatsalsa,Kycklingbiffar med pasta och tomatsalsa,"En tydlig vardagstallrik med kycklingbiffar, pasta och tomatsalsa.",4,30,easy,kyckling,"vardag, familj, nyttigare",/seed-recipes/images/kycklingbiffar-med-pasta-och-tomatsalsa.png,"chicken patties with pasta, tomato salsa, peppers, red onion and salad, realistic appetizing home-cooked Swedish family dinner, beautifully plated on a simple ceramic plate, fresh modern Scandinavian kitchen table setting, natural daylight, soft shadows, clean beige and warm wood tones, realistic food texture, inviting everyday meal, little premium but still weekday dinner, not luxury restaurant, not fine dining, not overstyled, not cartoon, not illustration, not glossy stock photo, no text, no hands, no people, no logos"
kycklingbiffar-med-pasta-och-graddsas,Kycklingbiffar med pasta och gräddsås,"En tydlig vardagstallrik med kycklingbiffar, pasta och gräddsås.",4,30,easy,kyckling,"vardag, familj, nyttigare",/seed-recipes/images/kycklingbiffar-med-pasta-och-graddsas.png,"chicken patties with pasta, cream sauce, peas and lemon, realistic appetizing home-cooked Swedish family dinner, beautifully plated on a simple ceramic plate, fresh modern Scandinavian kitchen table setting, natural daylight, soft shadows, clean beige and warm wood tones, realistic food texture, inviting everyday meal, little premium but still weekday dinner, not luxury restaurant, not fine dining, not overstyled, not cartoon, not illustration, not glossy stock photo, no text, no hands, no people, no logos"
kycklingbiffar-med-pasta-och-citronsas,Kycklingbiffar med pasta och citronsås,"En tydlig vardagstallrik med kycklingbiffar, pasta och citronsås.",4,30,easy,kyckling,"vardag, familj, nyttigare",/seed-recipes/images/kycklingbiffar-med-pasta-och-citronsas.png,"chicken patties with pasta, lemon yogurt sauce, cabbage and carrots, realistic appetizing home-cooked Swedish family dinner, beautifully plated on a simple ceramic plate, fresh modern Scandinavian kitchen table setting, natural daylight, soft shadows, clean beige and warm wood tones, realistic food texture, inviting everyday meal, little premium but still weekday dinner, not luxury restaurant, not fine dining, not overstyled, not cartoon, not illustration, not glossy stock photo, no text, no hands, no people, no logos"
kycklingbiffar-med-bulgur-och-kall-ortsas,Kycklingbiffar med bulgur och kall örtsås,"En tydlig vardagstallrik med kycklingbiffar, bulgur och kall örtsås.",4,30,easy,kyckling,"vardag, familj, nyttigare",/seed-recipes/images/kycklingbiffar-med-bulgur-och-kall-ortsas.png,"chicken patties with bulgur, cold herb sauce, cucumber, tomato and corn, realistic appetizing home-cooked Swedish family dinner, beautifully plated on a simple ceramic plate, fresh modern Scandinavian kitchen table setting, natural daylight, soft shadows, clean beige and warm wood tones, realistic food texture, inviting everyday meal, little premium but still weekday dinner, not luxury restaurant, not fine dining, not overstyled, not cartoon, not illustration, not glossy stock photo, no text, no hands, no people, no logos"
kycklingbiffar-med-bulgur-och-vitlokssas,Kycklingbiffar med bulgur och vitlökssås,"En tydlig vardagstallrik med kycklingbiffar, bulgur och vitlökssås.",4,30,easy,kyckling,"vardag, familj, nyttigare",/seed-recipes/images/kycklingbiffar-med-bulgur-och-vitlokssas.png,"chicken patties with bulgur, garlic sauce, broccoli and carrots, realistic appetizing home-cooked Swedish family dinner, beautifully plated on a simple ceramic plate, fresh modern Scandinavian kitchen table setting, natural daylight, soft shadows, clean beige and warm wood tones, realistic food texture, inviting everyday meal, little premium but still weekday dinner, not luxury restaurant, not fine dining, not overstyled, not cartoon, not illustration, not glossy stock photo, no text, no hands, no people, no logos"
kycklingbiffar-med-bulgur-och-tomatsalsa,Kycklingbiffar med bulgur och tomatsalsa,"En tydlig vardagstallrik med kycklingbiffar, bulgur och tomatsalsa.",4,30,easy,kyckling,"vardag, familj, nyttigare",/seed-recipes/images/kycklingbiffar-med-bulgur-och-tomatsalsa.png,"chicken patties with bulgur, tomato salsa, peppers, red onion and salad, realistic appetizing home-cooked Swedish family dinner, beautifully plated on a simple ceramic plate, fresh modern Scandinavian kitchen table setting, natural daylight, soft shadows, clean beige and warm wood tones, realistic food texture, inviting everyday meal, little premium but still weekday dinner, not luxury restaurant, not fine dining, not overstyled, not cartoon, not illustration, not glossy stock photo, no text, no hands, no people, no logos"
kycklingbiffar-med-bulgur-och-graddsas,Kycklingbiffar med bulgur och gräddsås,"En tydlig vardagstallrik med kycklingbiffar, bulgur och gräddsås.",4,30,easy,kyckling,"vardag, familj, nyttigare",/seed-recipes/images/kycklingbiffar-med-bulgur-och-graddsas.png,"chicken patties with bulgur, cream sauce, peas and lemon, realistic appetizing home-cooked Swedish family dinner, beautifully plated on a simple ceramic plate, fresh modern Scandinavian kitchen table setting, natural daylight, soft shadows, clean beige and warm wood tones, realistic food texture, inviting everyday meal, little premium but still weekday dinner, not luxury restaurant, not fine dining, not overstyled, not cartoon, not illustration, not glossy stock photo, no text, no hands, no people, no logos"
kycklingbiffar-med-bulgur-och-citronsas,Kycklingbiffar med bulgur och citronsås,"En tydlig vardagstallrik med kycklingbiffar, bulgur och citronsås.",4,30,easy,kyckling,"vardag, familj, nyttigare",/seed-recipes/images/kycklingbiffar-med-bulgur-och-citronsas.png,"chicken patties with bulgur, lemon yogurt sauce, cabbage and carrots, realistic appetizing home-cooked Swedish family dinner, beautifully plated on a simple ceramic plate, fresh modern Scandinavian kitchen table setting, natural daylight, soft shadows, clean beige and warm wood tones, realistic food texture, inviting everyday meal, little premium but still weekday dinner, not luxury restaurant, not fine dining, not overstyled, not cartoon, not illustration, not glossy stock photo, no text, no hands, no people, no logos"
kycklingbiffar-med-nudlar-och-kall-ortsas,Kycklingbiffar med nudlar och kall örtsås,"En tydlig vardagstallrik med kycklingbiffar, nudlar och kall örtsås.",4,30,easy,kyckling,"vardag, familj, nyttigare",/seed-recipes/images/kycklingbiffar-med-nudlar-och-kall-ortsas.png,"chicken patties with noodles, cold herb sauce, cucumber, tomato and corn, realistic appetizing home-cooked Swedish family dinner, beautifully plated on a simple ceramic plate, fresh modern Scandinavian kitchen table setting, natural daylight, soft shadows, clean beige and warm wood tones, realistic food texture, inviting everyday meal, little premium but still weekday dinner, not luxury restaurant, not fine dining, not overstyled, not cartoon, not illustration, not glossy stock photo, no text, no hands, no people, no logos"
kycklingbiffar-med-nudlar-och-vitlokssas,Kycklingbiffar med nudlar och vitlökssås,"En tydlig vardagstallrik med kycklingbiffar, nudlar och vitlökssås.",4,30,easy,kyckling,"vardag, familj, nyttigare",/seed-recipes/images/kycklingbiffar-med-nudlar-och-vitlokssas.png,"chicken patties with noodles, garlic sauce, broccoli and carrots, realistic appetizing home-cooked Swedish family dinner, beautifully plated on a simple ceramic plate, fresh modern Scandinavian kitchen table setting, natural daylight, soft shadows, clean beige and warm wood tones, realistic food texture, inviting everyday meal, little premium but still weekday dinner, not luxury restaurant, not fine dining, not overstyled, not cartoon, not illustration, not glossy stock photo, no text, no hands, no people, no logos"
kycklingbiffar-med-nudlar-och-tomatsalsa,Kycklingbiffar med nudlar och tomatsalsa,"En tydlig vardagstallrik med kycklingbiffar, nudlar och tomatsalsa.",4,30,easy,kyckling,"vardag, familj, nyttigare",/seed-recipes/images/kycklingbiffar-med-nudlar-och-tomatsalsa.png,"chicken patties with noodles, tomato salsa, peppers, red onion and salad, realistic appetizing home-cooked Swedish family dinner, beautifully plated on a simple ceramic plate, fresh modern Scandinavian kitchen table setting, natural daylight, soft shadows, clean beige and warm wood tones, realistic food texture, inviting everyday meal, little premium but still weekday dinner, not luxury restaurant, not fine dining, not overstyled, not cartoon, not illustration, not glossy stock photo, no text, no hands, no people, no logos"
kycklingbiffar-med-nudlar-och-graddsas,Kycklingbiffar med nudlar och gräddsås,"En tydlig vardagstallrik med kycklingbiffar, nudlar och gräddsås.",4,30,easy,kyckling,"vardag, familj, nyttigare",/seed-recipes/images/kycklingbiffar-med-nudlar-och-graddsas.png,"chicken patties with noodles, cream sauce, peas and lemon, realistic appetizing home-cooked Swedish family dinner, beautifully plated on a simple ceramic plate, fresh modern Scandinavian kitchen table setting, natural daylight, soft shadows, clean beige and warm wood tones, realistic food texture, inviting everyday meal, little premium but still weekday dinner, not luxury restaurant, not fine dining, not overstyled, not cartoon, not illustration, not glossy stock photo, no text, no hands, no people, no logos"
kycklingbiffar-med-nudlar-och-citronsas,Kycklingbiffar med nudlar och citronsås,"En tydlig vardagstallrik med kycklingbiffar, nudlar och citronsås.",4,30,easy,kyckling,"vardag, familj, nyttigare",/seed-recipes/images/kycklingbiffar-med-nudlar-och-citronsas.png,"chicken patties with noodles, lemon yogurt sauce, cabbage and carrots, realistic appetizing home-cooked Swedish family dinner, beautifully plated on a simple ceramic plate, fresh modern Scandinavian kitchen table setting, natural daylight, soft shadows, clean beige and warm wood tones, realistic food texture, inviting everyday meal, little premium but still weekday dinner, not luxury restaurant, not fine dining, not overstyled, not cartoon, not illustration, not glossy stock photo, no text, no hands, no people, no logos"
kottfarsbiffar-med-ris-och-kall-ortsas,Köttfärsbiffar med ris och kall örtsås,"En tydlig vardagstallrik med köttfärsbiffar, ris och kall örtsås.",4,30,easy,kött,"vardag, familj",/seed-recipes/images/kottfarsbiffar-med-ris-och-kall-ortsas.png,"beef patties with rice, cold herb sauce, cucumber, tomato and corn, realistic appetizing home-cooked Swedish family dinner, beautifully plated on a simple ceramic plate, fresh modern Scandinavian kitchen table setting, natural daylight, soft shadows, clean beige and warm wood tones, realistic food texture, inviting everyday meal, little premium but still weekday dinner, not luxury restaurant, not fine dining, not overstyled, not cartoon, not illustration, not glossy stock photo, no text, no hands, no people, no logos"
kottfarsbiffar-med-ris-och-vitlokssas,Köttfärsbiffar med ris och vitlökssås,"En tydlig vardagstallrik med köttfärsbiffar, ris och vitlökssås.",4,30,easy,kött,"vardag, familj",/seed-recipes/images/kottfarsbiffar-med-ris-och-vitlokssas.png,"beef patties with rice, garlic sauce, broccoli and carrots, realistic appetizing home-cooked Swedish family dinner, beautifully plated on a simple ceramic plate, fresh modern Scandinavian kitchen table setting, natural daylight, soft shadows, clean beige and warm wood tones, realistic food texture, inviting everyday meal, little premium but still weekday dinner, not luxury restaurant, not fine dining, not overstyled, not cartoon, not illustration, not glossy stock photo, no text, no hands, no people, no logos"
kottfarsbiffar-med-ris-och-tomatsalsa,Köttfärsbiffar med ris och tomatsalsa,"En tydlig vardagstallrik med köttfärsbiffar, ris och tomatsalsa.",4,30,easy,kött,"vardag, familj",/seed-recipes/images/kottfarsbiffar-med-ris-och-tomatsalsa.png,"beef patties with rice, tomato salsa, peppers, red onion and salad, realistic appetizing home-cooked Swedish family dinner, beautifully plated on a simple ceramic plate, fresh modern Scandinavian kitchen table setting, natural daylight, soft shadows, clean beige and warm wood tones, realistic food texture, inviting everyday meal, little premium but still weekday dinner, not luxury restaurant, not fine dining, not overstyled, not cartoon, not illustration, not glossy stock photo, no text, no hands, no people, no logos"
kottfarsbiffar-med-ris-och-graddsas,Köttfärsbiffar med ris och gräddsås,"En tydlig vardagstallrik med köttfärsbiffar, ris och gräddsås.",4,30,easy,kött,"vardag, familj",/seed-recipes/images/kottfarsbiffar-med-ris-och-graddsas.png,"beef patties with rice, cream sauce, peas and lemon, realistic appetizing home-cooked Swedish family dinner, beautifully plated on a simple ceramic plate, fresh modern Scandinavian kitchen table setting, natural daylight, soft shadows, clean beige and warm wood tones, realistic food texture, inviting everyday meal, little premium but still weekday dinner, not luxury restaurant, not fine dining, not overstyled, not cartoon, not illustration, not glossy stock photo, no text, no hands, no people, no logos"
kottfarsbiffar-med-ris-och-citronsas,Köttfärsbiffar med ris och citronsås,"En tydlig vardagstallrik med köttfärsbiffar, ris och citronsås.",4,30,easy,kött,"vardag, familj",/seed-recipes/images/kottfarsbiffar-med-ris-och-citronsas.png,"beef patties with rice, lemon yogurt sauce, cabbage and carrots, realistic appetizing home-cooked Swedish family dinner, beautifully plated on a simple ceramic plate, fresh modern Scandinavian kitchen table setting, natural daylight, soft shadows, clean beige and warm wood tones, realistic food texture, inviting everyday meal, little premium but still weekday dinner, not luxury restaurant, not fine dining, not overstyled, not cartoon, not illustration, not glossy stock photo, no text, no hands, no people, no logos"
kottfarsbiffar-med-potatis-och-kall-ortsas,Köttfärsbiffar med potatis och kall örtsås,"En tydlig vardagstallrik med köttfärsbiffar, potatis och kall örtsås.",4,30,easy,kött,"vardag, familj",/seed-recipes/images/kottfarsbiffar-med-potatis-och-kall-ortsas.png,"beef patties with boiled potatoes, cold herb sauce, cucumber, tomato and corn, realistic appetizing home-cooked Swedish family dinner, beautifully plated on a simple ceramic plate, fresh modern Scandinavian kitchen table setting, natural daylight, soft shadows, clean beige and warm wood tones, realistic food texture, inviting everyday meal, little premium but still weekday dinner, not luxury restaurant, not fine dining, not overstyled, not cartoon, not illustration, not glossy stock photo, no text, no hands, no people, no logos"
kottfarsbiffar-med-potatis-och-vitlokssas,Köttfärsbiffar med potatis och vitlökssås,"En tydlig vardagstallrik med köttfärsbiffar, potatis och vitlökssås.",4,30,easy,kött,"vardag, familj",/seed-recipes/images/kottfarsbiffar-med-potatis-och-vitlokssas.png,"beef patties with boiled potatoes, garlic sauce, broccoli and carrots, realistic appetizing home-cooked Swedish family dinner, beautifully plated on a simple ceramic plate, fresh modern Scandinavian kitchen table setting, natural daylight, soft shadows, clean beige and warm wood tones, realistic food texture, inviting everyday meal, little premium but still weekday dinner, not luxury restaurant, not fine dining, not overstyled, not cartoon, not illustration, not glossy stock photo, no text, no hands, no people, no logos"
kottfarsbiffar-med-potatis-och-tomatsalsa,Köttfärsbiffar med potatis och tomatsalsa,"En tydlig vardagstallrik med köttfärsbiffar, potatis och tomatsalsa.",4,30,easy,kött,"vardag, familj",/seed-recipes/images/kottfarsbiffar-med-potatis-och-tomatsalsa.png,"beef patties with boiled potatoes, tomato salsa, peppers, red onion and salad, realistic appetizing home-cooked Swedish family dinner, beautifully plated on a simple ceramic plate, fresh modern Scandinavian kitchen table setting, natural daylight, soft shadows, clean beige and warm wood tones, realistic food texture, inviting everyday meal, little premium but still weekday dinner, not luxury restaurant, not fine dining, not overstyled, not cartoon, not illustration, not glossy stock photo, no text, no hands, no people, no logos"
kottfarsbiffar-med-potatis-och-graddsas,Köttfärsbiffar med potatis och gräddsås,"En tydlig vardagstallrik med köttfärsbiffar, potatis och gräddsås.",4,30,easy,kött,"vardag, familj",/seed-recipes/images/kottfarsbiffar-med-potatis-och-graddsas.png,"beef patties with boiled potatoes, cream sauce, peas and lemon, realistic appetizing home-cooked Swedish family dinner, beautifully plated on a simple ceramic plate, fresh modern Scandinavian kitchen table setting, natural daylight, soft shadows, clean beige and warm wood tones, realistic food texture, inviting everyday meal, little premium but still weekday dinner, not luxury restaurant, not fine dining, not overstyled, not cartoon, not illustration, not glossy stock photo, no text, no hands, no people, no logos"
kottfarsbiffar-med-potatis-och-citronsas,Köttfärsbiffar med potatis och citronsås,"En tydlig vardagstallrik med köttfärsbiffar, potatis och citronsås.",4,30,easy,kött,"vardag, familj",/seed-recipes/images/kottfarsbiffar-med-potatis-och-citronsas.png,"beef patties with boiled potatoes, lemon yogurt sauce, cabbage and carrots, realistic appetizing home-cooked Swedish family dinner, beautifully plated on a simple ceramic plate, fresh modern Scandinavian kitchen table setting, natural daylight, soft shadows, clean beige and warm wood tones, realistic food texture, inviting everyday meal, little premium but still weekday dinner, not luxury restaurant, not fine dining, not overstyled, not cartoon, not illustration, not glossy stock photo, no text, no hands, no people, no logos"
kottfarsbiffar-med-rostad-potatis-och-kall-ortsas,Köttfärsbiffar med rostad potatis och kall örtsås,"En tydlig vardagstallrik med köttfärsbiffar, rostad potatis och kall örtsås.",4,40,easy,kött,"vardag, familj",/seed-recipes/images/kottfarsbiffar-med-rostad-potatis-och-kall-ortsas.png,"beef patties with roasted potatoes, cold herb sauce, cucumber, tomato and corn, realistic appetizing home-cooked Swedish family dinner, beautifully plated on a simple ceramic plate, fresh modern Scandinavian kitchen table setting, natural daylight, soft shadows, clean beige and warm wood tones, realistic food texture, inviting everyday meal, little premium but still weekday dinner, not luxury restaurant, not fine dining, not overstyled, not cartoon, not illustration, not glossy stock photo, no text, no hands, no people, no logos"
kottfarsbiffar-med-rostad-potatis-och-vitlokssas,Köttfärsbiffar med rostad potatis och vitlökssås,"En tydlig vardagstallrik med köttfärsbiffar, rostad potatis och vitlökssås.",4,40,easy,kött,"vardag, familj",/seed-recipes/images/kottfarsbiffar-med-rostad-potatis-och-vitlokssas.png,"beef patties with roasted potatoes, garlic sauce, broccoli and carrots, realistic appetizing home-cooked Swedish family dinner, beautifully plated on a simple ceramic plate, fresh modern Scandinavian kitchen table setting, natural daylight, soft shadows, clean beige and warm wood tones, realistic food texture, inviting everyday meal, little premium but still weekday dinner, not luxury restaurant, not fine dining, not overstyled, not cartoon, not illustration, not glossy stock photo, no text, no hands, no people, no logos"
kottfarsbiffar-med-rostad-potatis-och-tomatsalsa,Köttfärsbiffar med rostad potatis och tomatsalsa,"En tydlig vardagstallrik med köttfärsbiffar, rostad potatis och tomatsalsa.",4,40,easy,kött,"vardag, familj",/seed-recipes/images/kottfarsbiffar-med-rostad-potatis-och-tomatsalsa.png,"beef patties with roasted potatoes, tomato salsa, peppers, red onion and salad, realistic appetizing home-cooked Swedish family dinner, beautifully plated on a simple ceramic plate, fresh modern Scandinavian kitchen table setting, natural daylight, soft shadows, clean beige and warm wood tones, realistic food texture, inviting everyday meal, little premium but still weekday dinner, not luxury restaurant, not fine dining, not overstyled, not cartoon, not illustration, not glossy stock photo, no text, no hands, no people, no logos"
kottfarsbiffar-med-rostad-potatis-och-graddsas,Köttfärsbiffar med rostad potatis och gräddsås,"En tydlig vardagstallrik med köttfärsbiffar, rostad potatis och gräddsås.",4,40,easy,kött,"vardag, familj",/seed-recipes/images/kottfarsbiffar-med-rostad-potatis-och-graddsas.png,"beef patties with roasted potatoes, cream sauce, peas and lemon, realistic appetizing home-cooked Swedish family dinner, beautifully plated on a simple ceramic plate, fresh modern Scandinavian kitchen table setting, natural daylight, soft shadows, clean beige and warm wood tones, realistic food texture, inviting everyday meal, little premium but still weekday dinner, not luxury restaurant, not fine dining, not overstyled, not cartoon, not illustration, not glossy stock photo, no text, no hands, no people, no logos"
kottfarsbiffar-med-rostad-potatis-och-citronsas,Köttfärsbiffar med rostad potatis och citronsås,"En tydlig vardagstallrik med köttfärsbiffar, rostad potatis och citronsås.",4,40,easy,kött,"vardag, familj",/seed-recipes/images/kottfarsbiffar-med-rostad-potatis-och-citronsas.png,"beef patties with roasted potatoes, lemon yogurt sauce, cabbage and carrots, realistic appetizing home-cooked Swedish family dinner, beautifully plated on a simple ceramic plate, fresh modern Scandinavian kitchen table setting, natural daylight, soft shadows, clean beige and warm wood tones, realistic food texture, inviting everyday meal, little premium but still weekday dinner, not luxury restaurant, not fine dining, not overstyled, not cartoon, not illustration, not glossy stock photo, no text, no hands, no people, no logos"
kottfarsbiffar-med-pasta-och-kall-ortsas,Köttfärsbiffar med pasta och kall örtsås,"En tydlig vardagstallrik med köttfärsbiffar, pasta och kall örtsås.",4,30,easy,kött,"vardag, familj",/seed-recipes/images/kottfarsbiffar-med-pasta-och-kall-ortsas.png,"beef patties with pasta, cold herb sauce, cucumber, tomato and corn, realistic appetizing home-cooked Swedish family dinner, beautifully plated on a simple ceramic plate, fresh modern Scandinavian kitchen table setting, natural daylight, soft shadows, clean beige and warm wood tones, realistic food texture, inviting everyday meal, little premium but still weekday dinner, not luxury restaurant, not fine dining, not overstyled, not cartoon, not illustration, not glossy stock photo, no text, no hands, no people, no logos"
kottfarsbiffar-med-pasta-och-vitlokssas,Köttfärsbiffar med pasta och vitlökssås,"En tydlig vardagstallrik med köttfärsbiffar, pasta och vitlökssås.",4,30,easy,kött,"vardag, familj",/seed-recipes/images/kottfarsbiffar-med-pasta-och-vitlokssas.png,"beef patties with pasta, garlic sauce, broccoli and carrots, realistic appetizing home-cooked Swedish family dinner, beautifully plated on a simple ceramic plate, fresh modern Scandinavian kitchen table setting, natural daylight, soft shadows, clean beige and warm wood tones, realistic food texture, inviting everyday meal, little premium but still weekday dinner, not luxury restaurant, not fine dining, not overstyled, not cartoon, not illustration, not glossy stock photo, no text, no hands, no people, no logos"
kottfarsbiffar-med-pasta-och-tomatsalsa,Köttfärsbiffar med pasta och tomatsalsa,"En tydlig vardagstallrik med köttfärsbiffar, pasta och tomatsalsa.",4,30,easy,kött,"vardag, familj",/seed-recipes/images/kottfarsbiffar-med-pasta-och-tomatsalsa.png,"beef patties with pasta, tomato salsa, peppers, red onion and salad, realistic appetizing home-cooked Swedish family dinner, beautifully plated on a simple ceramic plate, fresh modern Scandinavian kitchen table setting, natural daylight, soft shadows, clean beige and warm wood tones, realistic food texture, inviting everyday meal, little premium but still weekday dinner, not luxury restaurant, not fine dining, not overstyled, not cartoon, not illustration, not glossy stock photo, no text, no hands, no people, no logos"
kottfarsbiffar-med-pasta-och-graddsas,Köttfärsbiffar med pasta och gräddsås,"En tydlig vardagstallrik med köttfärsbiffar, pasta och gräddsås.",4,30,easy,kött,"vardag, familj",/seed-recipes/images/kottfarsbiffar-med-pasta-och-graddsas.png,"beef patties with pasta, cream sauce, peas and lemon, realistic appetizing home-cooked Swedish family dinner, beautifully plated on a simple ceramic plate, fresh modern Scandinavian kitchen table setting, natural daylight, soft shadows, clean beige and warm wood tones, realistic food texture, inviting everyday meal, little premium but still weekday dinner, not luxury restaurant, not fine dining, not overstyled, not cartoon, not illustration, not glossy stock photo, no text, no hands, no people, no logos"
kottfarsbiffar-med-pasta-och-citronsas,Köttfärsbiffar med pasta och citronsås,"En tydlig vardagstallrik med köttfärsbiffar, pasta och citronsås.",4,30,easy,kött,"vardag, familj",/seed-recipes/images/kottfarsbiffar-med-pasta-och-citronsas.png,"beef patties with pasta, lemon yogurt sauce, cabbage and carrots, realistic appetizing home-cooked Swedish family dinner, beautifully plated on a simple ceramic plate, fresh modern Scandinavian kitchen table setting, natural daylight, soft shadows, clean beige and warm wood tones, realistic food texture, inviting everyday meal, little premium but still weekday dinner, not luxury restaurant, not fine dining, not overstyled, not cartoon, not illustration, not glossy stock photo, no text, no hands, no people, no logos"
kottfarsbiffar-med-bulgur-och-kall-ortsas,Köttfärsbiffar med bulgur och kall örtsås,"En tydlig vardagstallrik med köttfärsbiffar, bulgur och kall örtsås.",4,30,easy,kött,"vardag, familj",/seed-recipes/images/kottfarsbiffar-med-bulgur-och-kall-ortsas.png,"beef patties with bulgur, cold herb sauce, cucumber, tomato and corn, realistic appetizing home-cooked Swedish family dinner, beautifully plated on a simple ceramic plate, fresh modern Scandinavian kitchen table setting, natural daylight, soft shadows, clean beige and warm wood tones, realistic food texture, inviting everyday meal, little premium but still weekday dinner, not luxury restaurant, not fine dining, not overstyled, not cartoon, not illustration, not glossy stock photo, no text, no hands, no people, no logos"
kottfarsbiffar-med-bulgur-och-vitlokssas,Köttfärsbiffar med bulgur och vitlökssås,"En tydlig vardagstallrik med köttfärsbiffar, bulgur och vitlökssås.",4,30,easy,kött,"vardag, familj",/seed-recipes/images/kottfarsbiffar-med-bulgur-och-vitlokssas.png,"beef patties with bulgur, garlic sauce, broccoli and carrots, realistic appetizing home-cooked Swedish family dinner, beautifully plated on a simple ceramic plate, fresh modern Scandinavian kitchen table setting, natural daylight, soft shadows, clean beige and warm wood tones, realistic food texture, inviting everyday meal, little premium but still weekday dinner, not luxury restaurant, not fine dining, not overstyled, not cartoon, not illustration, not glossy stock photo, no text, no hands, no people, no logos"
kottfarsbiffar-med-bulgur-och-tomatsalsa,Köttfärsbiffar med bulgur och tomatsalsa,"En tydlig vardagstallrik med köttfärsbiffar, bulgur och tomatsalsa.",4,30,easy,kött,"vardag, familj",/seed-recipes/images/kottfarsbiffar-med-bulgur-och-tomatsalsa.png,"beef patties with bulgur, tomato salsa, peppers, red onion and salad, realistic appetizing home-cooked Swedish family dinner, beautifully plated on a simple ceramic plate, fresh modern Scandinavian kitchen table setting, natural daylight, soft shadows, clean beige and warm wood tones, realistic food texture, inviting everyday meal, little premium but still weekday dinner, not luxury restaurant, not fine dining, not overstyled, not cartoon, not illustration, not glossy stock photo, no text, no hands, no people, no logos"
kottfarsbiffar-med-bulgur-och-graddsas,Köttfärsbiffar med bulgur och gräddsås,"En tydlig vardagstallrik med köttfärsbiffar, bulgur och gräddsås.",4,30,easy,kött,"vardag, familj",/seed-recipes/images/kottfarsbiffar-med-bulgur-och-graddsas.png,"beef patties with bulgur, cream sauce, peas and lemon, realistic appetizing home-cooked Swedish family dinner, beautifully plated on a simple ceramic plate, fresh modern Scandinavian kitchen table setting, natural daylight, soft shadows, clean beige and warm wood tones, realistic food texture, inviting everyday meal, little premium but still weekday dinner, not luxury restaurant, not fine dining, not overstyled, not cartoon, not illustration, not glossy stock photo, no text, no hands, no people, no logos"
kottfarsbiffar-med-bulgur-och-citronsas,Köttfärsbiffar med bulgur och citronsås,"En tydlig vardagstallrik med köttfärsbiffar, bulgur och citronsås.",4,30,easy,kött,"vardag, familj",/seed-recipes/images/kottfarsbiffar-med-bulgur-och-citronsas.png,"beef patties with bulgur, lemon yogurt sauce, cabbage and carrots, realistic appetizing home-cooked Swedish family dinner, beautifully plated on a simple ceramic plate, fresh modern Scandinavian kitchen table setting, natural daylight, soft shadows, clean beige and warm wood tones, realistic food texture, inviting everyday meal, little premium but still weekday dinner, not luxury restaurant, not fine dining, not overstyled, not cartoon, not illustration, not glossy stock photo, no text, no hands, no people, no logos"
kottfarsbiffar-med-nudlar-och-kall-ortsas,Köttfärsbiffar med nudlar och kall örtsås,"En tydlig vardagstallrik med köttfärsbiffar, nudlar och kall örtsås.",4,30,easy,kött,"vardag, familj",/seed-recipes/images/kottfarsbiffar-med-nudlar-och-kall-ortsas.png,"beef patties with noodles, cold herb sauce, cucumber, tomato and corn, realistic appetizing home-cooked Swedish family dinner, beautifully plated on a simple ceramic plate, fresh modern Scandinavian kitchen table setting, natural daylight, soft shadows, clean beige and warm wood tones, realistic food texture, inviting everyday meal, little premium but still weekday dinner, not luxury restaurant, not fine dining, not overstyled, not cartoon, not illustration, not glossy stock photo, no text, no hands, no people, no logos"
kottfarsbiffar-med-nudlar-och-vitlokssas,Köttfärsbiffar med nudlar och vitlökssås,"En tydlig vardagstallrik med köttfärsbiffar, nudlar och vitlökssås.",4,30,easy,kött,"vardag, familj",/seed-recipes/images/kottfarsbiffar-med-nudlar-och-vitlokssas.png,"beef patties with noodles, garlic sauce, broccoli and carrots, realistic appetizing home-cooked Swedish family dinner, beautifully plated on a simple ceramic plate, fresh modern Scandinavian kitchen table setting, natural daylight, soft shadows, clean beige and warm wood tones, realistic food texture, inviting everyday meal, little premium but still weekday dinner, not luxury restaurant, not fine dining, not overstyled, not cartoon, not illustration, not glossy stock photo, no text, no hands, no people, no logos"
kottfarsbiffar-med-nudlar-och-tomatsalsa,Köttfärsbiffar med nudlar och tomatsalsa,"En tydlig vardagstallrik med köttfärsbiffar, nudlar och tomatsalsa.",4,30,easy,kött,"vardag, familj",/seed-recipes/images/kottfarsbiffar-med-nudlar-och-tomatsalsa.png,"beef patties with noodles, tomato salsa, peppers, red onion and salad, realistic appetizing home-cooked Swedish family dinner, beautifully plated on a simple ceramic plate, fresh modern Scandinavian kitchen table setting, natural daylight, soft shadows, clean beige and warm wood tones, realistic food texture, inviting everyday meal, little premium but still weekday dinner, not luxury restaurant, not fine dining, not overstyled, not cartoon, not illustration, not glossy stock photo, no text, no hands, no people, no logos"
kottfarsbiffar-med-nudlar-och-graddsas,Köttfärsbiffar med nudlar och gräddsås,"En tydlig vardagstallrik med köttfärsbiffar, nudlar och gräddsås.",4,30,easy,kött,"vardag, familj",/seed-recipes/images/kottfarsbiffar-med-nudlar-och-graddsas.png,"beef patties with noodles, cream sauce, peas and lemon, realistic appetizing home-cooked Swedish family dinner, beautifully plated on a simple ceramic plate, fresh modern Scandinavian kitchen table setting, natural daylight, soft shadows, clean beige and warm wood tones, realistic food texture, inviting everyday meal, little premium but still weekday dinner, not luxury restaurant, not fine dining, not overstyled, not cartoon, not illustration, not glossy stock photo, no text, no hands, no people, no logos"
kottfarsbiffar-med-nudlar-och-citronsas,Köttfärsbiffar med nudlar och citronsås,"En tydlig vardagstallrik med köttfärsbiffar, nudlar och citronsås.",4,30,easy,kött,"vardag, familj",/seed-recipes/images/kottfarsbiffar-med-nudlar-och-citronsas.png,"beef patties with noodles, lemon yogurt sauce, cabbage and carrots, realistic appetizing home-cooked Swedish family dinner, beautifully plated on a simple ceramic plate, fresh modern Scandinavian kitchen table setting, natural daylight, soft shadows, clean beige and warm wood tones, realistic food texture, inviting everyday meal, little premium but still weekday dinner, not luxury restaurant, not fine dining, not overstyled, not cartoon, not illustration, not glossy stock photo, no text, no hands, no people, no logos"
laxfile-med-ris-och-kall-ortsas,Laxfilé med ris och kall örtsås,"En tydlig vardagstallrik med laxfilé, ris och kall örtsås.",4,30,easy,fisk,"vardag, familj, nyttigare",/seed-recipes/images/laxfile-med-ris-och-kall-ortsas.png,"salmon fillet with rice, cold herb sauce, peas and lemon, realistic appetizing home-cooked Swedish family dinner, beautifully plated on a simple ceramic plate, fresh modern Scandinavian kitchen table setting, natural daylight, soft shadows, clean beige and warm wood tones, realistic food texture, inviting everyday meal, little premium but still weekday dinner, not luxury restaurant, not fine dining, not overstyled, not cartoon, not illustration, not glossy stock photo, no text, no hands, no people, no logos"
laxfile-med-ris-och-vitlokssas,Laxfilé med ris och vitlökssås,"En tydlig vardagstallrik med laxfilé, ris och vitlökssås.",4,30,easy,fisk,"vardag, familj, nyttigare",/seed-recipes/images/laxfile-med-ris-och-vitlokssas.png,"salmon fillet with rice, garlic sauce, cabbage and carrots, realistic appetizing home-cooked Swedish family dinner, beautifully plated on a simple ceramic plate, fresh modern Scandinavian kitchen table setting, natural daylight, soft shadows, clean beige and warm wood tones, realistic food texture, inviting everyday meal, little premium but still weekday dinner, not luxury restaurant, not fine dining, not overstyled, not cartoon, not illustration, not glossy stock photo, no text, no hands, no people, no logos"
laxfile-med-ris-och-tomatsalsa,Laxfilé med ris och tomatsalsa,"En tydlig vardagstallrik med laxfilé, ris och tomatsalsa.",4,30,easy,fisk,"vardag, familj, nyttigare",/seed-recipes/images/laxfile-med-ris-och-tomatsalsa.png,"salmon fillet with rice, tomato salsa, cucumber, tomato and corn, realistic appetizing home-cooked Swedish family dinner, beautifully plated on a simple ceramic plate, fresh modern Scandinavian kitchen table setting, natural daylight, soft shadows, clean beige and warm wood tones, realistic food texture, inviting everyday meal, little premium but still weekday dinner, not luxury restaurant, not fine dining, not overstyled, not cartoon, not illustration, not glossy stock photo, no text, no hands, no people, no logos"
laxfile-med-ris-och-graddsas,Laxfilé med ris och gräddsås,"En tydlig vardagstallrik med laxfilé, ris och gräddsås.",4,30,easy,fisk,"vardag, familj, nyttigare",/seed-recipes/images/laxfile-med-ris-och-graddsas.png,"salmon fillet with rice, cream sauce, broccoli and carrots, realistic appetizing home-cooked Swedish family dinner, beautifully plated on a simple ceramic plate, fresh modern Scandinavian kitchen table setting, natural daylight, soft shadows, clean beige and warm wood tones, realistic food texture, inviting everyday meal, little premium but still weekday dinner, not luxury restaurant, not fine dining, not overstyled, not cartoon, not illustration, not glossy stock photo, no text, no hands, no people, no logos"
laxfile-med-ris-och-citronsas,Laxfilé med ris och citronsås,"En tydlig vardagstallrik med laxfilé, ris och citronsås.",4,30,easy,fisk,"vardag, familj, nyttigare",/seed-recipes/images/laxfile-med-ris-och-citronsas.png,"salmon fillet with rice, lemon yogurt sauce, peppers, red onion and salad, realistic appetizing home-cooked Swedish family dinner, beautifully plated on a simple ceramic plate, fresh modern Scandinavian kitchen table setting, natural daylight, soft shadows, clean beige and warm wood tones, realistic food texture, inviting everyday meal, little premium but still weekday dinner, not luxury restaurant, not fine dining, not overstyled, not cartoon, not illustration, not glossy stock photo, no text, no hands, no people, no logos"
laxfile-med-potatis-och-kall-ortsas,Laxfilé med potatis och kall örtsås,"En tydlig vardagstallrik med laxfilé, potatis och kall örtsås.",4,30,easy,fisk,"vardag, familj, nyttigare",/seed-recipes/images/laxfile-med-potatis-och-kall-ortsas.png,"salmon fillet with boiled potatoes, cold herb sauce, peas and lemon, realistic appetizing home-cooked Swedish family dinner, beautifully plated on a simple ceramic plate, fresh modern Scandinavian kitchen table setting, natural daylight, soft shadows, clean beige and warm wood tones, realistic food texture, inviting everyday meal, little premium but still weekday dinner, not luxury restaurant, not fine dining, not overstyled, not cartoon, not illustration, not glossy stock photo, no text, no hands, no people, no logos"
laxfile-med-potatis-och-vitlokssas,Laxfilé med potatis och vitlökssås,"En tydlig vardagstallrik med laxfilé, potatis och vitlökssås.",4,30,easy,fisk,"vardag, familj, nyttigare",/seed-recipes/images/laxfile-med-potatis-och-vitlokssas.png,"salmon fillet with boiled potatoes, garlic sauce, cabbage and carrots, realistic appetizing home-cooked Swedish family dinner, beautifully plated on a simple ceramic plate, fresh modern Scandinavian kitchen table setting, natural daylight, soft shadows, clean beige and warm wood tones, realistic food texture, inviting everyday meal, little premium but still weekday dinner, not luxury restaurant, not fine dining, not overstyled, not cartoon, not illustration, not glossy stock photo, no text, no hands, no people, no logos"
laxfile-med-potatis-och-tomatsalsa,Laxfilé med potatis och tomatsalsa,"En tydlig vardagstallrik med laxfilé, potatis och tomatsalsa.",4,30,easy,fisk,"vardag, familj, nyttigare",/seed-recipes/images/laxfile-med-potatis-och-tomatsalsa.png,"salmon fillet with boiled potatoes, tomato salsa, cucumber, tomato and corn, realistic appetizing home-cooked Swedish family dinner, beautifully plated on a simple ceramic plate, fresh modern Scandinavian kitchen table setting, natural daylight, soft shadows, clean beige and warm wood tones, realistic food texture, inviting everyday meal, little premium but still weekday dinner, not luxury restaurant, not fine dining, not overstyled, not cartoon, not illustration, not glossy stock photo, no text, no hands, no people, no logos"
laxfile-med-potatis-och-graddsas,Laxfilé med potatis och gräddsås,"En tydlig vardagstallrik med laxfilé, potatis och gräddsås.",4,30,easy,fisk,"vardag, familj, nyttigare",/seed-recipes/images/laxfile-med-potatis-och-graddsas.png,"salmon fillet with boiled potatoes, cream sauce, broccoli and carrots, realistic appetizing home-cooked Swedish family dinner, beautifully plated on a simple ceramic plate, fresh modern Scandinavian kitchen table setting, natural daylight, soft shadows, clean beige and warm wood tones, realistic food texture, inviting everyday meal, little premium but still weekday dinner, not luxury restaurant, not fine dining, not overstyled, not cartoon, not illustration, not glossy stock photo, no text, no hands, no people, no logos"
laxfile-med-potatis-och-citronsas,Laxfilé med potatis och citronsås,"En tydlig vardagstallrik med laxfilé, potatis och citronsås.",4,30,easy,fisk,"vardag, familj, nyttigare",/seed-recipes/images/laxfile-med-potatis-och-citronsas.png,"salmon fillet with boiled potatoes, lemon yogurt sauce, peppers, red onion and salad, realistic appetizing home-cooked Swedish family dinner, beautifully plated on a simple ceramic plate, fresh modern Scandinavian kitchen table setting, natural daylight, soft shadows, clean beige and warm wood tones, realistic food texture, inviting everyday meal, little premium but still weekday dinner, not luxury restaurant, not fine dining, not overstyled, not cartoon, not illustration, not glossy stock photo, no text, no hands, no people, no logos"
laxfile-med-rostad-potatis-och-kall-ortsas,Laxfilé med rostad potatis och kall örtsås,"En tydlig vardagstallrik med laxfilé, rostad potatis och kall örtsås.",4,40,easy,fisk,"vardag, familj, nyttigare",/seed-recipes/images/laxfile-med-rostad-potatis-och-kall-ortsas.png,"salmon fillet with roasted potatoes, cold herb sauce, peas and lemon, realistic appetizing home-cooked Swedish family dinner, beautifully plated on a simple ceramic plate, fresh modern Scandinavian kitchen table setting, natural daylight, soft shadows, clean beige and warm wood tones, realistic food texture, inviting everyday meal, little premium but still weekday dinner, not luxury restaurant, not fine dining, not overstyled, not cartoon, not illustration, not glossy stock photo, no text, no hands, no people, no logos"
laxfile-med-rostad-potatis-och-vitlokssas,Laxfilé med rostad potatis och vitlökssås,"En tydlig vardagstallrik med laxfilé, rostad potatis och vitlökssås.",4,40,easy,fisk,"vardag, familj, nyttigare",/seed-recipes/images/laxfile-med-rostad-potatis-och-vitlokssas.png,"salmon fillet with roasted potatoes, garlic sauce, cabbage and carrots, realistic appetizing home-cooked Swedish family dinner, beautifully plated on a simple ceramic plate, fresh modern Scandinavian kitchen table setting, natural daylight, soft shadows, clean beige and warm wood tones, realistic food texture, inviting everyday meal, little premium but still weekday dinner, not luxury restaurant, not fine dining, not overstyled, not cartoon, not illustration, not glossy stock photo, no text, no hands, no people, no logos"
laxfile-med-rostad-potatis-och-tomatsalsa,Laxfilé med rostad potatis och tomatsalsa,"En tydlig vardagstallrik med laxfilé, rostad potatis och tomatsalsa.",4,40,easy,fisk,"vardag, familj, nyttigare",/seed-recipes/images/laxfile-med-rostad-potatis-och-tomatsalsa.png,"salmon fillet with roasted potatoes, tomato salsa, cucumber, tomato and corn, realistic appetizing home-cooked Swedish family dinner, beautifully plated on a simple ceramic plate, fresh modern Scandinavian kitchen table setting, natural daylight, soft shadows, clean beige and warm wood tones, realistic food texture, inviting everyday meal, little premium but still weekday dinner, not luxury restaurant, not fine dining, not overstyled, not cartoon, not illustration, not glossy stock photo, no text, no hands, no people, no logos"
laxfile-med-rostad-potatis-och-graddsas,Laxfilé med rostad potatis och gräddsås,"En tydlig vardagstallrik med laxfilé, rostad potatis och gräddsås.",4,40,easy,fisk,"vardag, familj, nyttigare",/seed-recipes/images/laxfile-med-rostad-potatis-och-graddsas.png,"salmon fillet with roasted potatoes, cream sauce, broccoli and carrots, realistic appetizing home-cooked Swedish family dinner, beautifully plated on a simple ceramic plate, fresh modern Scandinavian kitchen table setting, natural daylight, soft shadows, clean beige and warm wood tones, realistic food texture, inviting everyday meal, little premium but still weekday dinner, not luxury restaurant, not fine dining, not overstyled, not cartoon, not illustration, not glossy stock photo, no text, no hands, no people, no logos"
laxfile-med-rostad-potatis-och-citronsas,Laxfilé med rostad potatis och citronsås,"En tydlig vardagstallrik med laxfilé, rostad potatis och citronsås.",4,40,easy,fisk,"vardag, familj, nyttigare",/seed-recipes/images/laxfile-med-rostad-potatis-och-citronsas.png,"salmon fillet with roasted potatoes, lemon yogurt sauce, peppers, red onion and salad, realistic appetizing home-cooked Swedish family dinner, beautifully plated on a simple ceramic plate, fresh modern Scandinavian kitchen table setting, natural daylight, soft shadows, clean beige and warm wood tones, realistic food texture, inviting everyday meal, little premium but still weekday dinner, not luxury restaurant, not fine dining, not overstyled, not cartoon, not illustration, not glossy stock photo, no text, no hands, no people, no logos"
laxfile-med-pasta-och-kall-ortsas,Laxfilé med pasta och kall örtsås,"En tydlig vardagstallrik med laxfilé, pasta och kall örtsås.",4,30,easy,fisk,"vardag, familj, nyttigare",/seed-recipes/images/laxfile-med-pasta-och-kall-ortsas.png,"salmon fillet with pasta, cold herb sauce, peas and lemon, realistic appetizing home-cooked Swedish family dinner, beautifully plated on a simple ceramic plate, fresh modern Scandinavian kitchen table setting, natural daylight, soft shadows, clean beige and warm wood tones, realistic food texture, inviting everyday meal, little premium but still weekday dinner, not luxury restaurant, not fine dining, not overstyled, not cartoon, not illustration, not glossy stock photo, no text, no hands, no people, no logos"
laxfile-med-pasta-och-vitlokssas,Laxfilé med pasta och vitlökssås,"En tydlig vardagstallrik med laxfilé, pasta och vitlökssås.",4,30,easy,fisk,"vardag, familj, nyttigare",/seed-recipes/images/laxfile-med-pasta-och-vitlokssas.png,"salmon fillet with pasta, garlic sauce, cabbage and carrots, realistic appetizing home-cooked Swedish family dinner, beautifully plated on a simple ceramic plate, fresh modern Scandinavian kitchen table setting, natural daylight, soft shadows, clean beige and warm wood tones, realistic food texture, inviting everyday meal, little premium but still weekday dinner, not luxury restaurant, not fine dining, not overstyled, not cartoon, not illustration, not glossy stock photo, no text, no hands, no people, no logos"
laxfile-med-pasta-och-tomatsalsa,Laxfilé med pasta och tomatsalsa,"En tydlig vardagstallrik med laxfilé, pasta och tomatsalsa.",4,30,easy,fisk,"vardag, familj, nyttigare",/seed-recipes/images/laxfile-med-pasta-och-tomatsalsa.png,"salmon fillet with pasta, tomato salsa, cucumber, tomato and corn, realistic appetizing home-cooked Swedish family dinner, beautifully plated on a simple ceramic plate, fresh modern Scandinavian kitchen table setting, natural daylight, soft shadows, clean beige and warm wood tones, realistic food texture, inviting everyday meal, little premium but still weekday dinner, not luxury restaurant, not fine dining, not overstyled, not cartoon, not illustration, not glossy stock photo, no text, no hands, no people, no logos"
laxfile-med-pasta-och-graddsas,Laxfilé med pasta och gräddsås,"En tydlig vardagstallrik med laxfilé, pasta och gräddsås.",4,30,easy,fisk,"vardag, familj, nyttigare",/seed-recipes/images/laxfile-med-pasta-och-graddsas.png,"salmon fillet with pasta, cream sauce, broccoli and carrots, realistic appetizing home-cooked Swedish family dinner, beautifully plated on a simple ceramic plate, fresh modern Scandinavian kitchen table setting, natural daylight, soft shadows, clean beige and warm wood tones, realistic food texture, inviting everyday meal, little premium but still weekday dinner, not luxury restaurant, not fine dining, not overstyled, not cartoon, not illustration, not glossy stock photo, no text, no hands, no people, no logos"
laxfile-med-pasta-och-citronsas,Laxfilé med pasta och citronsås,"En tydlig vardagstallrik med laxfilé, pasta och citronsås.",4,30,easy,fisk,"vardag, familj, nyttigare",/seed-recipes/images/laxfile-med-pasta-och-citronsas.png,"salmon fillet with pasta, lemon yogurt sauce, peppers, red onion and salad, realistic appetizing home-cooked Swedish family dinner, beautifully plated on a simple ceramic plate, fresh modern Scandinavian kitchen table setting, natural daylight, soft shadows, clean beige and warm wood tones, realistic food texture, inviting everyday meal, little premium but still weekday dinner, not luxury restaurant, not fine dining, not overstyled, not cartoon, not illustration, not glossy stock photo, no text, no hands, no people, no logos"
laxfile-med-bulgur-och-kall-ortsas,Laxfilé med bulgur och kall örtsås,"En tydlig vardagstallrik med laxfilé, bulgur och kall örtsås.",4,30,easy,fisk,"vardag, familj, nyttigare",/seed-recipes/images/laxfile-med-bulgur-och-kall-ortsas.png,"salmon fillet with bulgur, cold herb sauce, peas and lemon, realistic appetizing home-cooked Swedish family dinner, beautifully plated on a simple ceramic plate, fresh modern Scandinavian kitchen table setting, natural daylight, soft shadows, clean beige and warm wood tones, realistic food texture, inviting everyday meal, little premium but still weekday dinner, not luxury restaurant, not fine dining, not overstyled, not cartoon, not illustration, not glossy stock photo, no text, no hands, no people, no logos"
laxfile-med-bulgur-och-vitlokssas,Laxfilé med bulgur och vitlökssås,"En tydlig vardagstallrik med laxfilé, bulgur och vitlökssås.",4,30,easy,fisk,"vardag, familj, nyttigare",/seed-recipes/images/laxfile-med-bulgur-och-vitlokssas.png,"salmon fillet with bulgur, garlic sauce, cabbage and carrots, realistic appetizing home-cooked Swedish family dinner, beautifully plated on a simple ceramic plate, fresh modern Scandinavian kitchen table setting, natural daylight, soft shadows, clean beige and warm wood tones, realistic food texture, inviting everyday meal, little premium but still weekday dinner, not luxury restaurant, not fine dining, not overstyled, not cartoon, not illustration, not glossy stock photo, no text, no hands, no people, no logos"
laxfile-med-bulgur-och-tomatsalsa,Laxfilé med bulgur och tomatsalsa,"En tydlig vardagstallrik med laxfilé, bulgur och tomatsalsa.",4,30,easy,fisk,"vardag, familj, nyttigare",/seed-recipes/images/laxfile-med-bulgur-och-tomatsalsa.png,"salmon fillet with bulgur, tomato salsa, cucumber, tomato and corn, realistic appetizing home-cooked Swedish family dinner, beautifully plated on a simple ceramic plate, fresh modern Scandinavian kitchen table setting, natural daylight, soft shadows, clean beige and warm wood tones, realistic food texture, inviting everyday meal, little premium but still weekday dinner, not luxury restaurant, not fine dining, not overstyled, not cartoon, not illustration, not glossy stock photo, no text, no hands, no people, no logos"
laxfile-med-bulgur-och-graddsas,Laxfilé med bulgur och gräddsås,"En tydlig vardagstallrik med laxfilé, bulgur och gräddsås.",4,30,easy,fisk,"vardag, familj, nyttigare",/seed-recipes/images/laxfile-med-bulgur-och-graddsas.png,"salmon fillet with bulgur, cream sauce, broccoli and carrots, realistic appetizing home-cooked Swedish family dinner, beautifully plated on a simple ceramic plate, fresh modern Scandinavian kitchen table setting, natural daylight, soft shadows, clean beige and warm wood tones, realistic food texture, inviting everyday meal, little premium but still weekday dinner, not luxury restaurant, not fine dining, not overstyled, not cartoon, not illustration, not glossy stock photo, no text, no hands, no people, no logos"
laxfile-med-bulgur-och-citronsas,Laxfilé med bulgur och citronsås,"En tydlig vardagstallrik med laxfilé, bulgur och citronsås.",4,30,easy,fisk,"vardag, familj, nyttigare",/seed-recipes/images/laxfile-med-bulgur-och-citronsas.png,"salmon fillet with bulgur, lemon yogurt sauce, peppers, red onion and salad, realistic appetizing home-cooked Swedish family dinner, beautifully plated on a simple ceramic plate, fresh modern Scandinavian kitchen table setting, natural daylight, soft shadows, clean beige and warm wood tones, realistic food texture, inviting everyday meal, little premium but still weekday dinner, not luxury restaurant, not fine dining, not overstyled, not cartoon, not illustration, not glossy stock photo, no text, no hands, no people, no logos"
laxfile-med-nudlar-och-kall-ortsas,Laxfilé med nudlar och kall örtsås,"En tydlig vardagstallrik med laxfilé, nudlar och kall örtsås.",4,30,easy,fisk,"vardag, familj, nyttigare",/seed-recipes/images/laxfile-med-nudlar-och-kall-ortsas.png,"salmon fillet with noodles, cold herb sauce, peas and lemon, realistic appetizing home-cooked Swedish family dinner, beautifully plated on a simple ceramic plate, fresh modern Scandinavian kitchen table setting, natural daylight, soft shadows, clean beige and warm wood tones, realistic food texture, inviting everyday meal, little premium but still weekday dinner, not luxury restaurant, not fine dining, not overstyled, not cartoon, not illustration, not glossy stock photo, no text, no hands, no people, no logos"
laxfile-med-nudlar-och-vitlokssas,Laxfilé med nudlar och vitlökssås,"En tydlig vardagstallrik med laxfilé, nudlar och vitlökssås.",4,30,easy,fisk,"vardag, familj, nyttigare",/seed-recipes/images/laxfile-med-nudlar-och-vitlokssas.png,"salmon fillet with noodles, garlic sauce, cabbage and carrots, realistic appetizing home-cooked Swedish family dinner, beautifully plated on a simple ceramic plate, fresh modern Scandinavian kitchen table setting, natural daylight, soft shadows, clean beige and warm wood tones, realistic food texture, inviting everyday meal, little premium but still weekday dinner, not luxury restaurant, not fine dining, not overstyled, not cartoon, not illustration, not glossy stock photo, no text, no hands, no people, no logos"
laxfile-med-nudlar-och-tomatsalsa,Laxfilé med nudlar och tomatsalsa,"En tydlig vardagstallrik med laxfilé, nudlar och tomatsalsa.",4,30,easy,fisk,"vardag, familj, nyttigare",/seed-recipes/images/laxfile-med-nudlar-och-tomatsalsa.png,"salmon fillet with noodles, tomato salsa, cucumber, tomato and corn, realistic appetizing home-cooked Swedish family dinner, beautifully plated on a simple ceramic plate, fresh modern Scandinavian kitchen table setting, natural daylight, soft shadows, clean beige and warm wood tones, realistic food texture, inviting everyday meal, little premium but still weekday dinner, not luxury restaurant, not fine dining, not overstyled, not cartoon, not illustration, not glossy stock photo, no text, no hands, no people, no logos"
laxfile-med-nudlar-och-graddsas,Laxfilé med nudlar och gräddsås,"En tydlig vardagstallrik med laxfilé, nudlar och gräddsås.",4,30,easy,fisk,"vardag, familj, nyttigare",/seed-recipes/images/laxfile-med-nudlar-och-graddsas.png,"salmon fillet with noodles, cream sauce, broccoli and carrots, realistic appetizing home-cooked Swedish family dinner, beautifully plated on a simple ceramic plate, fresh modern Scandinavian kitchen table setting, natural daylight, soft shadows, clean beige and warm wood tones, realistic food texture, inviting everyday meal, little premium but still weekday dinner, not luxury restaurant, not fine dining, not overstyled, not cartoon, not illustration, not glossy stock photo, no text, no hands, no people, no logos"
laxfile-med-nudlar-och-citronsas,Laxfilé med nudlar och citronsås,"En tydlig vardagstallrik med laxfilé, nudlar och citronsås.",4,30,easy,fisk,"vardag, familj, nyttigare",/seed-recipes/images/laxfile-med-nudlar-och-citronsas.png,"salmon fillet with noodles, lemon yogurt sauce, peppers, red onion and salad, realistic appetizing home-cooked Swedish family dinner, beautifully plated on a simple ceramic plate, fresh modern Scandinavian kitchen table setting, natural daylight, soft shadows, clean beige and warm wood tones, realistic food texture, inviting everyday meal, little premium but still weekday dinner, not luxury restaurant, not fine dining, not overstyled, not cartoon, not illustration, not glossy stock photo, no text, no hands, no people, no logos"
torskfile-med-ris-och-kall-ortsas,Torskfilé med ris och kall örtsås,"En tydlig vardagstallrik med torskfilé, ris och kall örtsås.",4,30,easy,fisk,"vardag, familj, nyttigare",/seed-recipes/images/torskfile-med-ris-och-kall-ortsas.png,"cod fillet with rice, cold herb sauce, cucumber, tomato and corn, realistic appetizing home-cooked Swedish family dinner, beautifully plated on a simple ceramic plate, fresh modern Scandinavian kitchen table setting, natural daylight, soft shadows, clean beige and warm wood tones, realistic food texture, inviting everyday meal, little premium but still weekday dinner, not luxury restaurant, not fine dining, not overstyled, not cartoon, not illustration, not glossy stock photo, no text, no hands, no people, no logos"
torskfile-med-ris-och-vitlokssas,Torskfilé med ris och vitlökssås,"En tydlig vardagstallrik med torskfilé, ris och vitlökssås.",4,30,easy,fisk,"vardag, familj, nyttigare",/seed-recipes/images/torskfile-med-ris-och-vitlokssas.png,"cod fillet with rice, garlic sauce, broccoli and carrots, realistic appetizing home-cooked Swedish family dinner, beautifully plated on a simple ceramic plate, fresh modern Scandinavian kitchen table setting, natural daylight, soft shadows, clean beige and warm wood tones, realistic food texture, inviting everyday meal, little premium but still weekday dinner, not luxury restaurant, not fine dining, not overstyled, not cartoon, not illustration, not glossy stock photo, no text, no hands, no people, no logos"
torskfile-med-ris-och-tomatsalsa,Torskfilé med ris och tomatsalsa,"En tydlig vardagstallrik med torskfilé, ris och tomatsalsa.",4,30,easy,fisk,"vardag, familj, nyttigare",/seed-recipes/images/torskfile-med-ris-och-tomatsalsa.png,"cod fillet with rice, tomato salsa, peppers, red onion and salad, realistic appetizing home-cooked Swedish family dinner, beautifully plated on a simple ceramic plate, fresh modern Scandinavian kitchen table setting, natural daylight, soft shadows, clean beige and warm wood tones, realistic food texture, inviting everyday meal, little premium but still weekday dinner, not luxury restaurant, not fine dining, not overstyled, not cartoon, not illustration, not glossy stock photo, no text, no hands, no people, no logos"
torskfile-med-ris-och-graddsas,Torskfilé med ris och gräddsås,"En tydlig vardagstallrik med torskfilé, ris och gräddsås.",4,30,easy,fisk,"vardag, familj, nyttigare",/seed-recipes/images/torskfile-med-ris-och-graddsas.png,"cod fillet with rice, cream sauce, peas and lemon, realistic appetizing home-cooked Swedish family dinner, beautifully plated on a simple ceramic plate, fresh modern Scandinavian kitchen table setting, natural daylight, soft shadows, clean beige and warm wood tones, realistic food texture, inviting everyday meal, little premium but still weekday dinner, not luxury restaurant, not fine dining, not overstyled, not cartoon, not illustration, not glossy stock photo, no text, no hands, no people, no logos"
torskfile-med-ris-och-citronsas,Torskfilé med ris och citronsås,"En tydlig vardagstallrik med torskfilé, ris och citronsås.",4,30,easy,fisk,"vardag, familj, nyttigare",/seed-recipes/images/torskfile-med-ris-och-citronsas.png,"cod fillet with rice, lemon yogurt sauce, cabbage and carrots, realistic appetizing home-cooked Swedish family dinner, beautifully plated on a simple ceramic plate, fresh modern Scandinavian kitchen table setting, natural daylight, soft shadows, clean beige and warm wood tones, realistic food texture, inviting everyday meal, little premium but still weekday dinner, not luxury restaurant, not fine dining, not overstyled, not cartoon, not illustration, not glossy stock photo, no text, no hands, no people, no logos"
torskfile-med-potatis-och-kall-ortsas,Torskfilé med potatis och kall örtsås,"En tydlig vardagstallrik med torskfilé, potatis och kall örtsås.",4,30,easy,fisk,"vardag, familj, nyttigare",/seed-recipes/images/torskfile-med-potatis-och-kall-ortsas.png,"cod fillet with boiled potatoes, cold herb sauce, cucumber, tomato and corn, realistic appetizing home-cooked Swedish family dinner, beautifully plated on a simple ceramic plate, fresh modern Scandinavian kitchen table setting, natural daylight, soft shadows, clean beige and warm wood tones, realistic food texture, inviting everyday meal, little premium but still weekday dinner, not luxury restaurant, not fine dining, not overstyled, not cartoon, not illustration, not glossy stock photo, no text, no hands, no people, no logos"
torskfile-med-potatis-och-vitlokssas,Torskfilé med potatis och vitlökssås,"En tydlig vardagstallrik med torskfilé, potatis och vitlökssås.",4,30,easy,fisk,"vardag, familj, nyttigare",/seed-recipes/images/torskfile-med-potatis-och-vitlokssas.png,"cod fillet with boiled potatoes, garlic sauce, broccoli and carrots, realistic appetizing home-cooked Swedish family dinner, beautifully plated on a simple ceramic plate, fresh modern Scandinavian kitchen table setting, natural daylight, soft shadows, clean beige and warm wood tones, realistic food texture, inviting everyday meal, little premium but still weekday dinner, not luxury restaurant, not fine dining, not overstyled, not cartoon, not illustration, not glossy stock photo, no text, no hands, no people, no logos"
torskfile-med-potatis-och-tomatsalsa,Torskfilé med potatis och tomatsalsa,"En tydlig vardagstallrik med torskfilé, potatis och tomatsalsa.",4,30,easy,fisk,"vardag, familj, nyttigare",/seed-recipes/images/torskfile-med-potatis-och-tomatsalsa.png,"cod fillet with boiled potatoes, tomato salsa, peppers, red onion and salad, realistic appetizing home-cooked Swedish family dinner, beautifully plated on a simple ceramic plate, fresh modern Scandinavian kitchen table setting, natural daylight, soft shadows, clean beige and warm wood tones, realistic food texture, inviting everyday meal, little premium but still weekday dinner, not luxury restaurant, not fine dining, not overstyled, not cartoon, not illustration, not glossy stock photo, no text, no hands, no people, no logos"
torskfile-med-potatis-och-graddsas,Torskfilé med potatis och gräddsås,"En tydlig vardagstallrik med torskfilé, potatis och gräddsås.",4,30,easy,fisk,"vardag, familj, nyttigare",/seed-recipes/images/torskfile-med-potatis-och-graddsas.png,"cod fillet with boiled potatoes, cream sauce, peas and lemon, realistic appetizing home-cooked Swedish family dinner, beautifully plated on a simple ceramic plate, fresh modern Scandinavian kitchen table setting, natural daylight, soft shadows, clean beige and warm wood tones, realistic food texture, inviting everyday meal, little premium but still weekday dinner, not luxury restaurant, not fine dining, not overstyled, not cartoon, not illustration, not glossy stock photo, no text, no hands, no people, no logos"
torskfile-med-potatis-och-citronsas,Torskfilé med potatis och citronsås,"En tydlig vardagstallrik med torskfilé, potatis och citronsås.",4,30,easy,fisk,"vardag, familj, nyttigare",/seed-recipes/images/torskfile-med-potatis-och-citronsas.png,"cod fillet with boiled potatoes, lemon yogurt sauce, cabbage and carrots, realistic appetizing home-cooked Swedish family dinner, beautifully plated on a simple ceramic plate, fresh modern Scandinavian kitchen table setting, natural daylight, soft shadows, clean beige and warm wood tones, realistic food texture, inviting everyday meal, little premium but still weekday dinner, not luxury restaurant, not fine dining, not overstyled, not cartoon, not illustration, not glossy stock photo, no text, no hands, no people, no logos"
torskfile-med-rostad-potatis-och-kall-ortsas,Torskfilé med rostad potatis och kall örtsås,"En tydlig vardagstallrik med torskfilé, rostad potatis och kall örtsås.",4,40,easy,fisk,"vardag, familj, nyttigare",/seed-recipes/images/torskfile-med-rostad-potatis-och-kall-ortsas.png,"cod fillet with roasted potatoes, cold herb sauce, cucumber, tomato and corn, realistic appetizing home-cooked Swedish family dinner, beautifully plated on a simple ceramic plate, fresh modern Scandinavian kitchen table setting, natural daylight, soft shadows, clean beige and warm wood tones, realistic food texture, inviting everyday meal, little premium but still weekday dinner, not luxury restaurant, not fine dining, not overstyled, not cartoon, not illustration, not glossy stock photo, no text, no hands, no people, no logos"
torskfile-med-rostad-potatis-och-vitlokssas,Torskfilé med rostad potatis och vitlökssås,"En tydlig vardagstallrik med torskfilé, rostad potatis och vitlökssås.",4,40,easy,fisk,"vardag, familj, nyttigare",/seed-recipes/images/torskfile-med-rostad-potatis-och-vitlokssas.png,"cod fillet with roasted potatoes, garlic sauce, broccoli and carrots, realistic appetizing home-cooked Swedish family dinner, beautifully plated on a simple ceramic plate, fresh modern Scandinavian kitchen table setting, natural daylight, soft shadows, clean beige and warm wood tones, realistic food texture, inviting everyday meal, little premium but still weekday dinner, not luxury restaurant, not fine dining, not overstyled, not cartoon, not illustration, not glossy stock photo, no text, no hands, no people, no logos"
torskfile-med-rostad-potatis-och-tomatsalsa,Torskfilé med rostad potatis och tomatsalsa,"En tydlig vardagstallrik med torskfilé, rostad potatis och tomatsalsa.",4,40,easy,fisk,"vardag, familj, nyttigare",/seed-recipes/images/torskfile-med-rostad-potatis-och-tomatsalsa.png,"cod fillet with roasted potatoes, tomato salsa, peppers, red onion and salad, realistic appetizing home-cooked Swedish family dinner, beautifully plated on a simple ceramic plate, fresh modern Scandinavian kitchen table setting, natural daylight, soft shadows, clean beige and warm wood tones, realistic food texture, inviting everyday meal, little premium but still weekday dinner, not luxury restaurant, not fine dining, not overstyled, not cartoon, not illustration, not glossy stock photo, no text, no hands, no people, no logos"
torskfile-med-rostad-potatis-och-graddsas,Torskfilé med rostad potatis och gräddsås,"En tydlig vardagstallrik med torskfilé, rostad potatis och gräddsås.",4,40,easy,fisk,"vardag, familj, nyttigare",/seed-recipes/images/torskfile-med-rostad-potatis-och-graddsas.png,"cod fillet with roasted potatoes, cream sauce, peas and lemon, realistic appetizing home-cooked Swedish family dinner, beautifully plated on a simple ceramic plate, fresh modern Scandinavian kitchen table setting, natural daylight, soft shadows, clean beige and warm wood tones, realistic food texture, inviting everyday meal, little premium but still weekday dinner, not luxury restaurant, not fine dining, not overstyled, not cartoon, not illustration, not glossy stock photo, no text, no hands, no people, no logos"
torskfile-med-rostad-potatis-och-citronsas,Torskfilé med rostad potatis och citronsås,"En tydlig vardagstallrik med torskfilé, rostad potatis och citronsås.",4,40,easy,fisk,"vardag, familj, nyttigare",/seed-recipes/images/torskfile-med-rostad-potatis-och-citronsas.png,"cod fillet with roasted potatoes, lemon yogurt sauce, cabbage and carrots, realistic appetizing home-cooked Swedish family dinner, beautifully plated on a simple ceramic plate, fresh modern Scandinavian kitchen table setting, natural daylight, soft shadows, clean beige and warm wood tones, realistic food texture, inviting everyday meal, little premium but still weekday dinner, not luxury restaurant, not fine dining, not overstyled, not cartoon, not illustration, not glossy stock photo, no text, no hands, no people, no logos"
torskfile-med-pasta-och-kall-ortsas,Torskfilé med pasta och kall örtsås,"En tydlig vardagstallrik med torskfilé, pasta och kall örtsås.",4,30,easy,fisk,"vardag, familj, nyttigare",/seed-recipes/images/torskfile-med-pasta-och-kall-ortsas.png,"cod fillet with pasta, cold herb sauce, cucumber, tomato and corn, realistic appetizing home-cooked Swedish family dinner, beautifully plated on a simple ceramic plate, fresh modern Scandinavian kitchen table setting, natural daylight, soft shadows, clean beige and warm wood tones, realistic food texture, inviting everyday meal, little premium but still weekday dinner, not luxury restaurant, not fine dining, not overstyled, not cartoon, not illustration, not glossy stock photo, no text, no hands, no people, no logos"
torskfile-med-pasta-och-vitlokssas,Torskfilé med pasta och vitlökssås,"En tydlig vardagstallrik med torskfilé, pasta och vitlökssås.",4,30,easy,fisk,"vardag, familj, nyttigare",/seed-recipes/images/torskfile-med-pasta-och-vitlokssas.png,"cod fillet with pasta, garlic sauce, broccoli and carrots, realistic appetizing home-cooked Swedish family dinner, beautifully plated on a simple ceramic plate, fresh modern Scandinavian kitchen table setting, natural daylight, soft shadows, clean beige and warm wood tones, realistic food texture, inviting everyday meal, little premium but still weekday dinner, not luxury restaurant, not fine dining, not overstyled, not cartoon, not illustration, not glossy stock photo, no text, no hands, no people, no logos"
torskfile-med-pasta-och-tomatsalsa,Torskfilé med pasta och tomatsalsa,"En tydlig vardagstallrik med torskfilé, pasta och tomatsalsa.",4,30,easy,fisk,"vardag, familj, nyttigare",/seed-recipes/images/torskfile-med-pasta-och-tomatsalsa.png,"cod fillet with pasta, tomato salsa, peppers, red onion and salad, realistic appetizing home-cooked Swedish family dinner, beautifully plated on a simple ceramic plate, fresh modern Scandinavian kitchen table setting, natural daylight, soft shadows, clean beige and warm wood tones, realistic food texture, inviting everyday meal, little premium but still weekday dinner, not luxury restaurant, not fine dining, not overstyled, not cartoon, not illustration, not glossy stock photo, no text, no hands, no people, no logos"
torskfile-med-pasta-och-graddsas,Torskfilé med pasta och gräddsås,"En tydlig vardagstallrik med torskfilé, pasta och gräddsås.",4,30,easy,fisk,"vardag, familj, nyttigare",/seed-recipes/images/torskfile-med-pasta-och-graddsas.png,"cod fillet with pasta, cream sauce, peas and lemon, realistic appetizing home-cooked Swedish family dinner, beautifully plated on a simple ceramic plate, fresh modern Scandinavian kitchen table setting, natural daylight, soft shadows, clean beige and warm wood tones, realistic food texture, inviting everyday meal, little premium but still weekday dinner, not luxury restaurant, not fine dining, not overstyled, not cartoon, not illustration, not glossy stock photo, no text, no hands, no people, no logos"
torskfile-med-pasta-och-citronsas,Torskfilé med pasta och citronsås,"En tydlig vardagstallrik med torskfilé, pasta och citronsås.",4,30,easy,fisk,"vardag, familj, nyttigare",/seed-recipes/images/torskfile-med-pasta-och-citronsas.png,"cod fillet with pasta, lemon yogurt sauce, cabbage and carrots, realistic appetizing home-cooked Swedish family dinner, beautifully plated on a simple ceramic plate, fresh modern Scandinavian kitchen table setting, natural daylight, soft shadows, clean beige and warm wood tones, realistic food texture, inviting everyday meal, little premium but still weekday dinner, not luxury restaurant, not fine dining, not overstyled, not cartoon, not illustration, not glossy stock photo, no text, no hands, no people, no logos"
torskfile-med-bulgur-och-kall-ortsas,Torskfilé med bulgur och kall örtsås,"En tydlig vardagstallrik med torskfilé, bulgur och kall örtsås.",4,30,easy,fisk,"vardag, familj, nyttigare",/seed-recipes/images/torskfile-med-bulgur-och-kall-ortsas.png,"cod fillet with bulgur, cold herb sauce, cucumber, tomato and corn, realistic appetizing home-cooked Swedish family dinner, beautifully plated on a simple ceramic plate, fresh modern Scandinavian kitchen table setting, natural daylight, soft shadows, clean beige and warm wood tones, realistic food texture, inviting everyday meal, little premium but still weekday dinner, not luxury restaurant, not fine dining, not overstyled, not cartoon, not illustration, not glossy stock photo, no text, no hands, no people, no logos"
torskfile-med-bulgur-och-vitlokssas,Torskfilé med bulgur och vitlökssås,"En tydlig vardagstallrik med torskfilé, bulgur och vitlökssås.",4,30,easy,fisk,"vardag, familj, nyttigare",/seed-recipes/images/torskfile-med-bulgur-och-vitlokssas.png,"cod fillet with bulgur, garlic sauce, broccoli and carrots, realistic appetizing home-cooked Swedish family dinner, beautifully plated on a simple ceramic plate, fresh modern Scandinavian kitchen table setting, natural daylight, soft shadows, clean beige and warm wood tones, realistic food texture, inviting everyday meal, little premium but still weekday dinner, not luxury restaurant, not fine dining, not overstyled, not cartoon, not illustration, not glossy stock photo, no text, no hands, no people, no logos"
torskfile-med-bulgur-och-tomatsalsa,Torskfilé med bulgur och tomatsalsa,"En tydlig vardagstallrik med torskfilé, bulgur och tomatsalsa.",4,30,easy,fisk,"vardag, familj, nyttigare",/seed-recipes/images/torskfile-med-bulgur-och-tomatsalsa.png,"cod fillet with bulgur, tomato salsa, peppers, red onion and salad, realistic appetizing home-cooked Swedish family dinner, beautifully plated on a simple ceramic plate, fresh modern Scandinavian kitchen table setting, natural daylight, soft shadows, clean beige and warm wood tones, realistic food texture, inviting everyday meal, little premium but still weekday dinner, not luxury restaurant, not fine dining, not overstyled, not cartoon, not illustration, not glossy stock photo, no text, no hands, no people, no logos"
torskfile-med-bulgur-och-graddsas,Torskfilé med bulgur och gräddsås,"En tydlig vardagstallrik med torskfilé, bulgur och gräddsås.",4,30,easy,fisk,"vardag, familj, nyttigare",/seed-recipes/images/torskfile-med-bulgur-och-graddsas.png,"cod fillet with bulgur, cream sauce, peas and lemon, realistic appetizing home-cooked Swedish family dinner, beautifully plated on a simple ceramic plate, fresh modern Scandinavian kitchen table setting, natural daylight, soft shadows, clean beige and warm wood tones, realistic food texture, inviting everyday meal, little premium but still weekday dinner, not luxury restaurant, not fine dining, not overstyled, not cartoon, not illustration, not glossy stock photo, no text, no hands, no people, no logos"
torskfile-med-bulgur-och-citronsas,Torskfilé med bulgur och citronsås,"En tydlig vardagstallrik med torskfilé, bulgur och citronsås.",4,30,easy,fisk,"vardag, familj, nyttigare",/seed-recipes/images/torskfile-med-bulgur-och-citronsas.png,"cod fillet with bulgur, lemon yogurt sauce, cabbage and carrots, realistic appetizing home-cooked Swedish family dinner, beautifully plated on a simple ceramic plate, fresh modern Scandinavian kitchen table setting, natural daylight, soft shadows, clean beige and warm wood tones, realistic food texture, inviting everyday meal, little premium but still weekday dinner, not luxury restaurant, not fine dining, not overstyled, not cartoon, not illustration, not glossy stock photo, no text, no hands, no people, no logos"
torskfile-med-nudlar-och-kall-ortsas,Torskfilé med nudlar och kall örtsås,"En tydlig vardagstallrik med torskfilé, nudlar och kall örtsås.",4,30,easy,fisk,"vardag, familj, nyttigare",/seed-recipes/images/torskfile-med-nudlar-och-kall-ortsas.png,"cod fillet with noodles, cold herb sauce, cucumber, tomato and corn, realistic appetizing home-cooked Swedish family dinner, beautifully plated on a simple ceramic plate, fresh modern Scandinavian kitchen table setting, natural daylight, soft shadows, clean beige and warm wood tones, realistic food texture, inviting everyday meal, little premium but still weekday dinner, not luxury restaurant, not fine dining, not overstyled, not cartoon, not illustration, not glossy stock photo, no text, no hands, no people, no logos"
torskfile-med-nudlar-och-vitlokssas,Torskfilé med nudlar och vitlökssås,"En tydlig vardagstallrik med torskfilé, nudlar och vitlökssås.",4,30,easy,fisk,"vardag, familj, nyttigare",/seed-recipes/images/torskfile-med-nudlar-och-vitlokssas.png,"cod fillet with noodles, garlic sauce, broccoli and carrots, realistic appetizing home-cooked Swedish family dinner, beautifully plated on a simple ceramic plate, fresh modern Scandinavian kitchen table setting, natural daylight, soft shadows, clean beige and warm wood tones, realistic food texture, inviting everyday meal, little premium but still weekday dinner, not luxury restaurant, not fine dining, not overstyled, not cartoon, not illustration, not glossy stock photo, no text, no hands, no people, no logos"
torskfile-med-nudlar-och-tomatsalsa,Torskfilé med nudlar och tomatsalsa,"En tydlig vardagstallrik med torskfilé, nudlar och tomatsalsa.",4,30,easy,fisk,"vardag, familj, nyttigare",/seed-recipes/images/torskfile-med-nudlar-och-tomatsalsa.png,"cod fillet with noodles, tomato salsa, peppers, red onion and salad, realistic appetizing home-cooked Swedish family dinner, beautifully plated on a simple ceramic plate, fresh modern Scandinavian kitchen table setting, natural daylight, soft shadows, clean beige and warm wood tones, realistic food texture, inviting everyday meal, little premium but still weekday dinner, not luxury restaurant, not fine dining, not overstyled, not cartoon, not illustration, not glossy stock photo, no text, no hands, no people, no logos"
torskfile-med-nudlar-och-graddsas,Torskfilé med nudlar och gräddsås,"En tydlig vardagstallrik med torskfilé, nudlar och gräddsås.",4,30,easy,fisk,"vardag, familj, nyttigare",/seed-recipes/images/torskfile-med-nudlar-och-graddsas.png,"cod fillet with noodles, cream sauce, peas and lemon, realistic appetizing home-cooked Swedish family dinner, beautifully plated on a simple ceramic plate, fresh modern Scandinavian kitchen table setting, natural daylight, soft shadows, clean beige and warm wood tones, realistic food texture, inviting everyday meal, little premium but still weekday dinner, not luxury restaurant, not fine dining, not overstyled, not cartoon, not illustration, not glossy stock photo, no text, no hands, no people, no logos"
torskfile-med-nudlar-och-citronsas,Torskfilé med nudlar och citronsås,"En tydlig vardagstallrik med torskfilé, nudlar och citronsås.",4,30,easy,fisk,"vardag, familj, nyttigare",/seed-recipes/images/torskfile-med-nudlar-och-citronsas.png,"cod fillet with noodles, lemon yogurt sauce, cabbage and carrots, realistic appetizing home-cooked Swedish family dinner, beautifully plated on a simple ceramic plate, fresh modern Scandinavian kitchen table setting, natural daylight, soft shadows, clean beige and warm wood tones, realistic food texture, inviting everyday meal, little premium but still weekday dinner, not luxury restaurant, not fine dining, not overstyled, not cartoon, not illustration, not glossy stock photo, no text, no hands, no people, no logos"
halloumi-med-ris-och-kall-ortsas,Halloumi med ris och kall örtsås,"En tydlig vardagstallrik med halloumi, ris och kall örtsås.",4,30,easy,vegetariskt,"vardag, familj, vegetariskt",/seed-recipes/images/halloumi-med-ris-och-kall-ortsas.png,"halloumi with rice, cold herb sauce, cabbage and carrots, realistic appetizing home-cooked Swedish family dinner, beautifully plated on a simple ceramic plate, fresh modern Scandinavian kitchen table setting, natural daylight, soft shadows, clean beige and warm wood tones, realistic food texture, inviting everyday meal, little premium but still weekday dinner, not luxury restaurant, not fine dining, not overstyled, not cartoon, not illustration, not glossy stock photo, no text, no hands, no people, no logos"
halloumi-med-ris-och-vitlokssas,Halloumi med ris och vitlökssås,"En tydlig vardagstallrik med halloumi, ris och vitlökssås.",4,30,easy,vegetariskt,"vardag, familj, vegetariskt",/seed-recipes/images/halloumi-med-ris-och-vitlokssas.png,"halloumi with rice, garlic sauce, cucumber, tomato and corn, realistic appetizing home-cooked Swedish family dinner, beautifully plated on a simple ceramic plate, fresh modern Scandinavian kitchen table setting, natural daylight, soft shadows, clean beige and warm wood tones, realistic food texture, inviting everyday meal, little premium but still weekday dinner, not luxury restaurant, not fine dining, not overstyled, not cartoon, not illustration, not glossy stock photo, no text, no hands, no people, no logos"
halloumi-med-ris-och-tomatsalsa,Halloumi med ris och tomatsalsa,"En tydlig vardagstallrik med halloumi, ris och tomatsalsa.",4,30,easy,vegetariskt,"vardag, familj, vegetariskt",/seed-recipes/images/halloumi-med-ris-och-tomatsalsa.png,"halloumi with rice, tomato salsa, broccoli and carrots, realistic appetizing home-cooked Swedish family dinner, beautifully plated on a simple ceramic plate, fresh modern Scandinavian kitchen table setting, natural daylight, soft shadows, clean beige and warm wood tones, realistic food texture, inviting everyday meal, little premium but still weekday dinner, not luxury restaurant, not fine dining, not overstyled, not cartoon, not illustration, not glossy stock photo, no text, no hands, no people, no logos"
halloumi-med-ris-och-graddsas,Halloumi med ris och gräddsås,"En tydlig vardagstallrik med halloumi, ris och gräddsås.",4,30,easy,vegetariskt,"vardag, familj, vegetariskt",/seed-recipes/images/halloumi-med-ris-och-graddsas.png,"halloumi with rice, cream sauce, peppers, red onion and salad, realistic appetizing home-cooked Swedish family dinner, beautifully plated on a simple ceramic plate, fresh modern Scandinavian kitchen table setting, natural daylight, soft shadows, clean beige and warm wood tones, realistic food texture, inviting everyday meal, little premium but still weekday dinner, not luxury restaurant, not fine dining, not overstyled, not cartoon, not illustration, not glossy stock photo, no text, no hands, no people, no logos"
halloumi-med-ris-och-citronsas,Halloumi med ris och citronsås,"En tydlig vardagstallrik med halloumi, ris och citronsås.",4,30,easy,vegetariskt,"vardag, familj, vegetariskt",/seed-recipes/images/halloumi-med-ris-och-citronsas.png,"halloumi with rice, lemon yogurt sauce, peas and lemon, realistic appetizing home-cooked Swedish family dinner, beautifully plated on a simple ceramic plate, fresh modern Scandinavian kitchen table setting, natural daylight, soft shadows, clean beige and warm wood tones, realistic food texture, inviting everyday meal, little premium but still weekday dinner, not luxury restaurant, not fine dining, not overstyled, not cartoon, not illustration, not glossy stock photo, no text, no hands, no people, no logos"
halloumi-med-potatis-och-kall-ortsas,Halloumi med potatis och kall örtsås,"En tydlig vardagstallrik med halloumi, potatis och kall örtsås.",4,30,easy,vegetariskt,"vardag, familj, vegetariskt",/seed-recipes/images/halloumi-med-potatis-och-kall-ortsas.png,"halloumi with boiled potatoes, cold herb sauce, cabbage and carrots, realistic appetizing home-cooked Swedish family dinner, beautifully plated on a simple ceramic plate, fresh modern Scandinavian kitchen table setting, natural daylight, soft shadows, clean beige and warm wood tones, realistic food texture, inviting everyday meal, little premium but still weekday dinner, not luxury restaurant, not fine dining, not overstyled, not cartoon, not illustration, not glossy stock photo, no text, no hands, no people, no logos"
halloumi-med-potatis-och-vitlokssas,Halloumi med potatis och vitlökssås,"En tydlig vardagstallrik med halloumi, potatis och vitlökssås.",4,30,easy,vegetariskt,"vardag, familj, vegetariskt",/seed-recipes/images/halloumi-med-potatis-och-vitlokssas.png,"halloumi with boiled potatoes, garlic sauce, cucumber, tomato and corn, realistic appetizing home-cooked Swedish family dinner, beautifully plated on a simple ceramic plate, fresh modern Scandinavian kitchen table setting, natural daylight, soft shadows, clean beige and warm wood tones, realistic food texture, inviting everyday meal, little premium but still weekday dinner, not luxury restaurant, not fine dining, not overstyled, not cartoon, not illustration, not glossy stock photo, no text, no hands, no people, no logos"
halloumi-med-potatis-och-tomatsalsa,Halloumi med potatis och tomatsalsa,"En tydlig vardagstallrik med halloumi, potatis och tomatsalsa.",4,30,easy,vegetariskt,"vardag, familj, vegetariskt",/seed-recipes/images/halloumi-med-potatis-och-tomatsalsa.png,"halloumi with boiled potatoes, tomato salsa, broccoli and carrots, realistic appetizing home-cooked Swedish family dinner, beautifully plated on a simple ceramic plate, fresh modern Scandinavian kitchen table setting, natural daylight, soft shadows, clean beige and warm wood tones, realistic food texture, inviting everyday meal, little premium but still weekday dinner, not luxury restaurant, not fine dining, not overstyled, not cartoon, not illustration, not glossy stock photo, no text, no hands, no people, no logos"
halloumi-med-potatis-och-graddsas,Halloumi med potatis och gräddsås,"En tydlig vardagstallrik med halloumi, potatis och gräddsås.",4,30,easy,vegetariskt,"vardag, familj, vegetariskt",/seed-recipes/images/halloumi-med-potatis-och-graddsas.png,"halloumi with boiled potatoes, cream sauce, peppers, red onion and salad, realistic appetizing home-cooked Swedish family dinner, beautifully plated on a simple ceramic plate, fresh modern Scandinavian kitchen table setting, natural daylight, soft shadows, clean beige and warm wood tones, realistic food texture, inviting everyday meal, little premium but still weekday dinner, not luxury restaurant, not fine dining, not overstyled, not cartoon, not illustration, not glossy stock photo, no text, no hands, no people, no logos"
halloumi-med-potatis-och-citronsas,Halloumi med potatis och citronsås,"En tydlig vardagstallrik med halloumi, potatis och citronsås.",4,30,easy,vegetariskt,"vardag, familj, vegetariskt",/seed-recipes/images/halloumi-med-potatis-och-citronsas.png,"halloumi with boiled potatoes, lemon yogurt sauce, peas and lemon, realistic appetizing home-cooked Swedish family dinner, beautifully plated on a simple ceramic plate, fresh modern Scandinavian kitchen table setting, natural daylight, soft shadows, clean beige and warm wood tones, realistic food texture, inviting everyday meal, little premium but still weekday dinner, not luxury restaurant, not fine dining, not overstyled, not cartoon, not illustration, not glossy stock photo, no text, no hands, no people, no logos"
halloumi-med-rostad-potatis-och-kall-ortsas,Halloumi med rostad potatis och kall örtsås,"En tydlig vardagstallrik med halloumi, rostad potatis och kall örtsås.",4,40,easy,vegetariskt,"vardag, familj, vegetariskt",/seed-recipes/images/halloumi-med-rostad-potatis-och-kall-ortsas.png,"halloumi with roasted potatoes, cold herb sauce, cabbage and carrots, realistic appetizing home-cooked Swedish family dinner, beautifully plated on a simple ceramic plate, fresh modern Scandinavian kitchen table setting, natural daylight, soft shadows, clean beige and warm wood tones, realistic food texture, inviting everyday meal, little premium but still weekday dinner, not luxury restaurant, not fine dining, not overstyled, not cartoon, not illustration, not glossy stock photo, no text, no hands, no people, no logos"
halloumi-med-rostad-potatis-och-vitlokssas,Halloumi med rostad potatis och vitlökssås,"En tydlig vardagstallrik med halloumi, rostad potatis och vitlökssås.",4,40,easy,vegetariskt,"vardag, familj, vegetariskt",/seed-recipes/images/halloumi-med-rostad-potatis-och-vitlokssas.png,"halloumi with roasted potatoes, garlic sauce, cucumber, tomato and corn, realistic appetizing home-cooked Swedish family dinner, beautifully plated on a simple ceramic plate, fresh modern Scandinavian kitchen table setting, natural daylight, soft shadows, clean beige and warm wood tones, realistic food texture, inviting everyday meal, little premium but still weekday dinner, not luxury restaurant, not fine dining, not overstyled, not cartoon, not illustration, not glossy stock photo, no text, no hands, no people, no logos"
halloumi-med-rostad-potatis-och-tomatsalsa,Halloumi med rostad potatis och tomatsalsa,"En tydlig vardagstallrik med halloumi, rostad potatis och tomatsalsa.",4,40,easy,vegetariskt,"vardag, familj, vegetariskt",/seed-recipes/images/halloumi-med-rostad-potatis-och-tomatsalsa.png,"halloumi with roasted potatoes, tomato salsa, broccoli and carrots, realistic appetizing home-cooked Swedish family dinner, beautifully plated on a simple ceramic plate, fresh modern Scandinavian kitchen table setting, natural daylight, soft shadows, clean beige and warm wood tones, realistic food texture, inviting everyday meal, little premium but still weekday dinner, not luxury restaurant, not fine dining, not overstyled, not cartoon, not illustration, not glossy stock photo, no text, no hands, no people, no logos"
halloumi-med-rostad-potatis-och-graddsas,Halloumi med rostad potatis och gräddsås,"En tydlig vardagstallrik med halloumi, rostad potatis och gräddsås.",4,40,easy,vegetariskt,"vardag, familj, vegetariskt",/seed-recipes/images/halloumi-med-rostad-potatis-och-graddsas.png,"halloumi with roasted potatoes, cream sauce, peppers, red onion and salad, realistic appetizing home-cooked Swedish family dinner, beautifully plated on a simple ceramic plate, fresh modern Scandinavian kitchen table setting, natural daylight, soft shadows, clean beige and warm wood tones, realistic food texture, inviting everyday meal, little premium but still weekday dinner, not luxury restaurant, not fine dining, not overstyled, not cartoon, not illustration, not glossy stock photo, no text, no hands, no people, no logos"
halloumi-med-rostad-potatis-och-citronsas,Halloumi med rostad potatis och citronsås,"En tydlig vardagstallrik med halloumi, rostad potatis och citronsås.",4,40,easy,vegetariskt,"vardag, familj, vegetariskt",/seed-recipes/images/halloumi-med-rostad-potatis-och-citronsas.png,"halloumi with roasted potatoes, lemon yogurt sauce, peas and lemon, realistic appetizing home-cooked Swedish family dinner, beautifully plated on a simple ceramic plate, fresh modern Scandinavian kitchen table setting, natural daylight, soft shadows, clean beige and warm wood tones, realistic food texture, inviting everyday meal, little premium but still weekday dinner, not luxury restaurant, not fine dining, not overstyled, not cartoon, not illustration, not glossy stock photo, no text, no hands, no people, no logos"
halloumi-med-pasta-och-kall-ortsas,Halloumi med pasta och kall örtsås,"En tydlig vardagstallrik med halloumi, pasta och kall örtsås.",4,30,easy,vegetariskt,"vardag, familj, vegetariskt",/seed-recipes/images/halloumi-med-pasta-och-kall-ortsas.png,"halloumi with pasta, cold herb sauce, cabbage and carrots, realistic appetizing home-cooked Swedish family dinner, beautifully plated on a simple ceramic plate, fresh modern Scandinavian kitchen table setting, natural daylight, soft shadows, clean beige and warm wood tones, realistic food texture, inviting everyday meal, little premium but still weekday dinner, not luxury restaurant, not fine dining, not overstyled, not cartoon, not illustration, not glossy stock photo, no text, no hands, no people, no logos"
halloumi-med-pasta-och-vitlokssas,Halloumi med pasta och vitlökssås,"En tydlig vardagstallrik med halloumi, pasta och vitlökssås.",4,30,easy,vegetariskt,"vardag, familj, vegetariskt",/seed-recipes/images/halloumi-med-pasta-och-vitlokssas.png,"halloumi with pasta, garlic sauce, cucumber, tomato and corn, realistic appetizing home-cooked Swedish family dinner, beautifully plated on a simple ceramic plate, fresh modern Scandinavian kitchen table setting, natural daylight, soft shadows, clean beige and warm wood tones, realistic food texture, inviting everyday meal, little premium but still weekday dinner, not luxury restaurant, not fine dining, not overstyled, not cartoon, not illustration, not glossy stock photo, no text, no hands, no people, no logos"
halloumi-med-pasta-och-tomatsalsa,Halloumi med pasta och tomatsalsa,"En tydlig vardagstallrik med halloumi, pasta och tomatsalsa.",4,30,easy,vegetariskt,"vardag, familj, vegetariskt",/seed-recipes/images/halloumi-med-pasta-och-tomatsalsa.png,"halloumi with pasta, tomato salsa, broccoli and carrots, realistic appetizing home-cooked Swedish family dinner, beautifully plated on a simple ceramic plate, fresh modern Scandinavian kitchen table setting, natural daylight, soft shadows, clean beige and warm wood tones, realistic food texture, inviting everyday meal, little premium but still weekday dinner, not luxury restaurant, not fine dining, not overstyled, not cartoon, not illustration, not glossy stock photo, no text, no hands, no people, no logos"
halloumi-med-pasta-och-graddsas,Halloumi med pasta och gräddsås,"En tydlig vardagstallrik med halloumi, pasta och gräddsås.",4,30,easy,vegetariskt,"vardag, familj, vegetariskt",/seed-recipes/images/halloumi-med-pasta-och-graddsas.png,"halloumi with pasta, cream sauce, peppers, red onion and salad, realistic appetizing home-cooked Swedish family dinner, beautifully plated on a simple ceramic plate, fresh modern Scandinavian kitchen table setting, natural daylight, soft shadows, clean beige and warm wood tones, realistic food texture, inviting everyday meal, little premium but still weekday dinner, not luxury restaurant, not fine dining, not overstyled, not cartoon, not illustration, not glossy stock photo, no text, no hands, no people, no logos"
halloumi-med-pasta-och-citronsas,Halloumi med pasta och citronsås,"En tydlig vardagstallrik med halloumi, pasta och citronsås.",4,30,easy,vegetariskt,"vardag, familj, vegetariskt",/seed-recipes/images/halloumi-med-pasta-och-citronsas.png,"halloumi with pasta, lemon yogurt sauce, peas and lemon, realistic appetizing home-cooked Swedish family dinner, beautifully plated on a simple ceramic plate, fresh modern Scandinavian kitchen table setting, natural daylight, soft shadows, clean beige and warm wood tones, realistic food texture, inviting everyday meal, little premium but still weekday dinner, not luxury restaurant, not fine dining, not overstyled, not cartoon, not illustration, not glossy stock photo, no text, no hands, no people, no logos"
halloumi-med-bulgur-och-kall-ortsas,Halloumi med bulgur och kall örtsås,"En tydlig vardagstallrik med halloumi, bulgur och kall örtsås.",4,30,easy,vegetariskt,"vardag, familj, vegetariskt",/seed-recipes/images/halloumi-med-bulgur-och-kall-ortsas.png,"halloumi with bulgur, cold herb sauce, cabbage and carrots, realistic appetizing home-cooked Swedish family dinner, beautifully plated on a simple ceramic plate, fresh modern Scandinavian kitchen table setting, natural daylight, soft shadows, clean beige and warm wood tones, realistic food texture, inviting everyday meal, little premium but still weekday dinner, not luxury restaurant, not fine dining, not overstyled, not cartoon, not illustration, not glossy stock photo, no text, no hands, no people, no logos"
halloumi-med-bulgur-och-vitlokssas,Halloumi med bulgur och vitlökssås,"En tydlig vardagstallrik med halloumi, bulgur och vitlökssås.",4,30,easy,vegetariskt,"vardag, familj, vegetariskt",/seed-recipes/images/halloumi-med-bulgur-och-vitlokssas.png,"halloumi with bulgur, garlic sauce, cucumber, tomato and corn, realistic appetizing home-cooked Swedish family dinner, beautifully plated on a simple ceramic plate, fresh modern Scandinavian kitchen table setting, natural daylight, soft shadows, clean beige and warm wood tones, realistic food texture, inviting everyday meal, little premium but still weekday dinner, not luxury restaurant, not fine dining, not overstyled, not cartoon, not illustration, not glossy stock photo, no text, no hands, no people, no logos"
halloumi-med-bulgur-och-tomatsalsa,Halloumi med bulgur och tomatsalsa,"En tydlig vardagstallrik med halloumi, bulgur och tomatsalsa.",4,30,easy,vegetariskt,"vardag, familj, vegetariskt",/seed-recipes/images/halloumi-med-bulgur-och-tomatsalsa.png,"halloumi with bulgur, tomato salsa, broccoli and carrots, realistic appetizing home-cooked Swedish family dinner, beautifully plated on a simple ceramic plate, fresh modern Scandinavian kitchen table setting, natural daylight, soft shadows, clean beige and warm wood tones, realistic food texture, inviting everyday meal, little premium but still weekday dinner, not luxury restaurant, not fine dining, not overstyled, not cartoon, not illustration, not glossy stock photo, no text, no hands, no people, no logos"
halloumi-med-bulgur-och-graddsas,Halloumi med bulgur och gräddsås,"En tydlig vardagstallrik med halloumi, bulgur och gräddsås.",4,30,easy,vegetariskt,"vardag, familj, vegetariskt",/seed-recipes/images/halloumi-med-bulgur-och-graddsas.png,"halloumi with bulgur, cream sauce, peppers, red onion and salad, realistic appetizing home-cooked Swedish family dinner, beautifully plated on a simple ceramic plate, fresh modern Scandinavian kitchen table setting, natural daylight, soft shadows, clean beige and warm wood tones, realistic food texture, inviting everyday meal, little premium but still weekday dinner, not luxury restaurant, not fine dining, not overstyled, not cartoon, not illustration, not glossy stock photo, no text, no hands, no people, no logos"
halloumi-med-bulgur-och-citronsas,Halloumi med bulgur och citronsås,"En tydlig vardagstallrik med halloumi, bulgur och citronsås.",4,30,easy,vegetariskt,"vardag, familj, vegetariskt",/seed-recipes/images/halloumi-med-bulgur-och-citronsas.png,"halloumi with bulgur, lemon yogurt sauce, peas and lemon, realistic appetizing home-cooked Swedish family dinner, beautifully plated on a simple ceramic plate, fresh modern Scandinavian kitchen table setting, natural daylight, soft shadows, clean beige and warm wood tones, realistic food texture, inviting everyday meal, little premium but still weekday dinner, not luxury restaurant, not fine dining, not overstyled, not cartoon, not illustration, not glossy stock photo, no text, no hands, no people, no logos"
halloumi-med-nudlar-och-kall-ortsas,Halloumi med nudlar och kall örtsås,"En tydlig vardagstallrik med halloumi, nudlar och kall örtsås.",4,30,easy,vegetariskt,"vardag, familj, vegetariskt",/seed-recipes/images/halloumi-med-nudlar-och-kall-ortsas.png,"halloumi with noodles, cold herb sauce, cabbage and carrots, realistic appetizing home-cooked Swedish family dinner, beautifully plated on a simple ceramic plate, fresh modern Scandinavian kitchen table setting, natural daylight, soft shadows, clean beige and warm wood tones, realistic food texture, inviting everyday meal, little premium but still weekday dinner, not luxury restaurant, not fine dining, not overstyled, not cartoon, not illustration, not glossy stock photo, no text, no hands, no people, no logos"
halloumi-med-nudlar-och-vitlokssas,Halloumi med nudlar och vitlökssås,"En tydlig vardagstallrik med halloumi, nudlar och vitlökssås.",4,30,easy,vegetariskt,"vardag, familj, vegetariskt",/seed-recipes/images/halloumi-med-nudlar-och-vitlokssas.png,"halloumi with noodles, garlic sauce, cucumber, tomato and corn, realistic appetizing home-cooked Swedish family dinner, beautifully plated on a simple ceramic plate, fresh modern Scandinavian kitchen table setting, natural daylight, soft shadows, clean beige and warm wood tones, realistic food texture, inviting everyday meal, little premium but still weekday dinner, not luxury restaurant, not fine dining, not overstyled, not cartoon, not illustration, not glossy stock photo, no text, no hands, no people, no logos"
halloumi-med-nudlar-och-tomatsalsa,Halloumi med nudlar och tomatsalsa,"En tydlig vardagstallrik med halloumi, nudlar och tomatsalsa.",4,30,easy,vegetariskt,"vardag, familj, vegetariskt",/seed-recipes/images/halloumi-med-nudlar-och-tomatsalsa.png,"halloumi with noodles, tomato salsa, broccoli and carrots, realistic appetizing home-cooked Swedish family dinner, beautifully plated on a simple ceramic plate, fresh modern Scandinavian kitchen table setting, natural daylight, soft shadows, clean beige and warm wood tones, realistic food texture, inviting everyday meal, little premium but still weekday dinner, not luxury restaurant, not fine dining, not overstyled, not cartoon, not illustration, not glossy stock photo, no text, no hands, no people, no logos"
halloumi-med-nudlar-och-graddsas,Halloumi med nudlar och gräddsås,"En tydlig vardagstallrik med halloumi, nudlar och gräddsås.",4,30,easy,vegetariskt,"vardag, familj, vegetariskt",/seed-recipes/images/halloumi-med-nudlar-och-graddsas.png,"halloumi with noodles, cream sauce, peppers, red onion and salad, realistic appetizing home-cooked Swedish family dinner, beautifully plated on a simple ceramic plate, fresh modern Scandinavian kitchen table setting, natural daylight, soft shadows, clean beige and warm wood tones, realistic food texture, inviting everyday meal, little premium but still weekday dinner, not luxury restaurant, not fine dining, not overstyled, not cartoon, not illustration, not glossy stock photo, no text, no hands, no people, no logos"
halloumi-med-nudlar-och-citronsas,Halloumi med nudlar och citronsås,"En tydlig vardagstallrik med halloumi, nudlar och citronsås.",4,30,easy,vegetariskt,"vardag, familj, vegetariskt",/seed-recipes/images/halloumi-med-nudlar-och-citronsas.png,"halloumi with noodles, lemon yogurt sauce, peas and lemon, realistic appetizing home-cooked Swedish family dinner, beautifully plated on a simple ceramic plate, fresh modern Scandinavian kitchen table setting, natural daylight, soft shadows, clean beige and warm wood tones, realistic food texture, inviting everyday meal, little premium but still weekday dinner, not luxury restaurant, not fine dining, not overstyled, not cartoon, not illustration, not glossy stock photo, no text, no hands, no people, no logos"
falafel-med-ris-och-kall-ortsas,Falafel med ris och kall örtsås,"En tydlig vardagstallrik med falafel, ris och kall örtsås.",4,30,easy,vegetariskt,"vardag, familj, vegetariskt",/seed-recipes/images/falafel-med-ris-och-kall-ortsas.png,"falafel with rice, cold herb sauce, peas and lemon, realistic appetizing home-cooked Swedish family dinner, beautifully plated on a simple ceramic plate, fresh modern Scandinavian kitchen table setting, natural daylight, soft shadows, clean beige and warm wood tones, realistic food texture, inviting everyday meal, little premium but still weekday dinner, not luxury restaurant, not fine dining, not overstyled, not cartoon, not illustration, not glossy stock photo, no text, no hands, no people, no logos"
falafel-med-ris-och-vitlokssas,Falafel med ris och vitlökssås,"En tydlig vardagstallrik med falafel, ris och vitlökssås.",4,30,easy,vegetariskt,"vardag, familj, vegetariskt",/seed-recipes/images/falafel-med-ris-och-vitlokssas.png,"falafel with rice, garlic sauce, cabbage and carrots, realistic appetizing home-cooked Swedish family dinner, beautifully plated on a simple ceramic plate, fresh modern Scandinavian kitchen table setting, natural daylight, soft shadows, clean beige and warm wood tones, realistic food texture, inviting everyday meal, little premium but still weekday dinner, not luxury restaurant, not fine dining, not overstyled, not cartoon, not illustration, not glossy stock photo, no text, no hands, no people, no logos"
falafel-med-ris-och-tomatsalsa,Falafel med ris och tomatsalsa,"En tydlig vardagstallrik med falafel, ris och tomatsalsa.",4,30,easy,vegetariskt,"vardag, familj, vegetariskt",/seed-recipes/images/falafel-med-ris-och-tomatsalsa.png,"falafel with rice, tomato salsa, cucumber, tomato and corn, realistic appetizing home-cooked Swedish family dinner, beautifully plated on a simple ceramic plate, fresh modern Scandinavian kitchen table setting, natural daylight, soft shadows, clean beige and warm wood tones, realistic food texture, inviting everyday meal, little premium but still weekday dinner, not luxury restaurant, not fine dining, not overstyled, not cartoon, not illustration, not glossy stock photo, no text, no hands, no people, no logos"
falafel-med-ris-och-graddsas,Falafel med ris och gräddsås,"En tydlig vardagstallrik med falafel, ris och gräddsås.",4,30,easy,vegetariskt,"vardag, familj, vegetariskt",/seed-recipes/images/falafel-med-ris-och-graddsas.png,"falafel with rice, cream sauce, broccoli and carrots, realistic appetizing home-cooked Swedish family dinner, beautifully plated on a simple ceramic plate, fresh modern Scandinavian kitchen table setting, natural daylight, soft shadows, clean beige and warm wood tones, realistic food texture, inviting everyday meal, little premium but still weekday dinner, not luxury restaurant, not fine dining, not overstyled, not cartoon, not illustration, not glossy stock photo, no text, no hands, no people, no logos"
falafel-med-ris-och-citronsas,Falafel med ris och citronsås,"En tydlig vardagstallrik med falafel, ris och citronsås.",4,30,easy,vegetariskt,"vardag, familj, vegetariskt",/seed-recipes/images/falafel-med-ris-och-citronsas.png,"falafel with rice, lemon yogurt sauce, peppers, red onion and salad, realistic appetizing home-cooked Swedish family dinner, beautifully plated on a simple ceramic plate, fresh modern Scandinavian kitchen table setting, natural daylight, soft shadows, clean beige and warm wood tones, realistic food texture, inviting everyday meal, little premium but still weekday dinner, not luxury restaurant, not fine dining, not overstyled, not cartoon, not illustration, not glossy stock photo, no text, no hands, no people, no logos"
falafel-med-potatis-och-kall-ortsas,Falafel med potatis och kall örtsås,"En tydlig vardagstallrik med falafel, potatis och kall örtsås.",4,30,easy,vegetariskt,"vardag, familj, vegetariskt",/seed-recipes/images/falafel-med-potatis-och-kall-ortsas.png,"falafel with boiled potatoes, cold herb sauce, peas and lemon, realistic appetizing home-cooked Swedish family dinner, beautifully plated on a simple ceramic plate, fresh modern Scandinavian kitchen table setting, natural daylight, soft shadows, clean beige and warm wood tones, realistic food texture, inviting everyday meal, little premium but still weekday dinner, not luxury restaurant, not fine dining, not overstyled, not cartoon, not illustration, not glossy stock photo, no text, no hands, no people, no logos"
falafel-med-potatis-och-vitlokssas,Falafel med potatis och vitlökssås,"En tydlig vardagstallrik med falafel, potatis och vitlökssås.",4,30,easy,vegetariskt,"vardag, familj, vegetariskt",/seed-recipes/images/falafel-med-potatis-och-vitlokssas.png,"falafel with boiled potatoes, garlic sauce, cabbage and carrots, realistic appetizing home-cooked Swedish family dinner, beautifully plated on a simple ceramic plate, fresh modern Scandinavian kitchen table setting, natural daylight, soft shadows, clean beige and warm wood tones, realistic food texture, inviting everyday meal, little premium but still weekday dinner, not luxury restaurant, not fine dining, not overstyled, not cartoon, not illustration, not glossy stock photo, no text, no hands, no people, no logos"
falafel-med-potatis-och-tomatsalsa,Falafel med potatis och tomatsalsa,"En tydlig vardagstallrik med falafel, potatis och tomatsalsa.",4,30,easy,vegetariskt,"vardag, familj, vegetariskt",/seed-recipes/images/falafel-med-potatis-och-tomatsalsa.png,"falafel with boiled potatoes, tomato salsa, cucumber, tomato and corn, realistic appetizing home-cooked Swedish family dinner, beautifully plated on a simple ceramic plate, fresh modern Scandinavian kitchen table setting, natural daylight, soft shadows, clean beige and warm wood tones, realistic food texture, inviting everyday meal, little premium but still weekday dinner, not luxury restaurant, not fine dining, not overstyled, not cartoon, not illustration, not glossy stock photo, no text, no hands, no people, no logos"
falafel-med-potatis-och-graddsas,Falafel med potatis och gräddsås,"En tydlig vardagstallrik med falafel, potatis och gräddsås.",4,30,easy,vegetariskt,"vardag, familj, vegetariskt",/seed-recipes/images/falafel-med-potatis-och-graddsas.png,"falafel with boiled potatoes, cream sauce, broccoli and carrots, realistic appetizing home-cooked Swedish family dinner, beautifully plated on a simple ceramic plate, fresh modern Scandinavian kitchen table setting, natural daylight, soft shadows, clean beige and warm wood tones, realistic food texture, inviting everyday meal, little premium but still weekday dinner, not luxury restaurant, not fine dining, not overstyled, not cartoon, not illustration, not glossy stock photo, no text, no hands, no people, no logos"
falafel-med-potatis-och-citronsas,Falafel med potatis och citronsås,"En tydlig vardagstallrik med falafel, potatis och citronsås.",4,30,easy,vegetariskt,"vardag, familj, vegetariskt",/seed-recipes/images/falafel-med-potatis-och-citronsas.png,"falafel with boiled potatoes, lemon yogurt sauce, peppers, red onion and salad, realistic appetizing home-cooked Swedish family dinner, beautifully plated on a simple ceramic plate, fresh modern Scandinavian kitchen table setting, natural daylight, soft shadows, clean beige and warm wood tones, realistic food texture, inviting everyday meal, little premium but still weekday dinner, not luxury restaurant, not fine dining, not overstyled, not cartoon, not illustration, not glossy stock photo, no text, no hands, no people, no logos"
falafel-med-rostad-potatis-och-kall-ortsas,Falafel med rostad potatis och kall örtsås,"En tydlig vardagstallrik med falafel, rostad potatis och kall örtsås.",4,40,easy,vegetariskt,"vardag, familj, vegetariskt",/seed-recipes/images/falafel-med-rostad-potatis-och-kall-ortsas.png,"falafel with roasted potatoes, cold herb sauce, peas and lemon, realistic appetizing home-cooked Swedish family dinner, beautifully plated on a simple ceramic plate, fresh modern Scandinavian kitchen table setting, natural daylight, soft shadows, clean beige and warm wood tones, realistic food texture, inviting everyday meal, little premium but still weekday dinner, not luxury restaurant, not fine dining, not overstyled, not cartoon, not illustration, not glossy stock photo, no text, no hands, no people, no logos"
falafel-med-rostad-potatis-och-vitlokssas,Falafel med rostad potatis och vitlökssås,"En tydlig vardagstallrik med falafel, rostad potatis och vitlökssås.",4,40,easy,vegetariskt,"vardag, familj, vegetariskt",/seed-recipes/images/falafel-med-rostad-potatis-och-vitlokssas.png,"falafel with roasted potatoes, garlic sauce, cabbage and carrots, realistic appetizing home-cooked Swedish family dinner, beautifully plated on a simple ceramic plate, fresh modern Scandinavian kitchen table setting, natural daylight, soft shadows, clean beige and warm wood tones, realistic food texture, inviting everyday meal, little premium but still weekday dinner, not luxury restaurant, not fine dining, not overstyled, not cartoon, not illustration, not glossy stock photo, no text, no hands, no people, no logos"
falafel-med-rostad-potatis-och-tomatsalsa,Falafel med rostad potatis och tomatsalsa,"En tydlig vardagstallrik med falafel, rostad potatis och tomatsalsa.",4,40,easy,vegetariskt,"vardag, familj, vegetariskt",/seed-recipes/images/falafel-med-rostad-potatis-och-tomatsalsa.png,"falafel with roasted potatoes, tomato salsa, cucumber, tomato and corn, realistic appetizing home-cooked Swedish family dinner, beautifully plated on a simple ceramic plate, fresh modern Scandinavian kitchen table setting, natural daylight, soft shadows, clean beige and warm wood tones, realistic food texture, inviting everyday meal, little premium but still weekday dinner, not luxury restaurant, not fine dining, not overstyled, not cartoon, not illustration, not glossy stock photo, no text, no hands, no people, no logos"
falafel-med-rostad-potatis-och-graddsas,Falafel med rostad potatis och gräddsås,"En tydlig vardagstallrik med falafel, rostad potatis och gräddsås.",4,40,easy,vegetariskt,"vardag, familj, vegetariskt",/seed-recipes/images/falafel-med-rostad-potatis-och-graddsas.png,"falafel with roasted potatoes, cream sauce, broccoli and carrots, realistic appetizing home-cooked Swedish family dinner, beautifully plated on a simple ceramic plate, fresh modern Scandinavian kitchen table setting, natural daylight, soft shadows, clean beige and warm wood tones, realistic food texture, inviting everyday meal, little premium but still weekday dinner, not luxury restaurant, not fine dining, not overstyled, not cartoon, not illustration, not glossy stock photo, no text, no hands, no people, no logos"
falafel-med-rostad-potatis-och-citronsas,Falafel med rostad potatis och citronsås,"En tydlig vardagstallrik med falafel, rostad potatis och citronsås.",4,40,easy,vegetariskt,"vardag, familj, vegetariskt",/seed-recipes/images/falafel-med-rostad-potatis-och-citronsas.png,"falafel with roasted potatoes, lemon yogurt sauce, peppers, red onion and salad, realistic appetizing home-cooked Swedish family dinner, beautifully plated on a simple ceramic plate, fresh modern Scandinavian kitchen table setting, natural daylight, soft shadows, clean beige and warm wood tones, realistic food texture, inviting everyday meal, little premium but still weekday dinner, not luxury restaurant, not fine dining, not overstyled, not cartoon, not illustration, not glossy stock photo, no text, no hands, no people, no logos"
falafel-med-pasta-och-kall-ortsas,Falafel med pasta och kall örtsås,"En tydlig vardagstallrik med falafel, pasta och kall örtsås.",4,30,easy,vegetariskt,"vardag, familj, vegetariskt",/seed-recipes/images/falafel-med-pasta-och-kall-ortsas.png,"falafel with pasta, cold herb sauce, peas and lemon, realistic appetizing home-cooked Swedish family dinner, beautifully plated on a simple ceramic plate, fresh modern Scandinavian kitchen table setting, natural daylight, soft shadows, clean beige and warm wood tones, realistic food texture, inviting everyday meal, little premium but still weekday dinner, not luxury restaurant, not fine dining, not overstyled, not cartoon, not illustration, not glossy stock photo, no text, no hands, no people, no logos"
falafel-med-pasta-och-vitlokssas,Falafel med pasta och vitlökssås,"En tydlig vardagstallrik med falafel, pasta och vitlökssås.",4,30,easy,vegetariskt,"vardag, familj, vegetariskt",/seed-recipes/images/falafel-med-pasta-och-vitlokssas.png,"falafel with pasta, garlic sauce, cabbage and carrots, realistic appetizing home-cooked Swedish family dinner, beautifully plated on a simple ceramic plate, fresh modern Scandinavian kitchen table setting, natural daylight, soft shadows, clean beige and warm wood tones, realistic food texture, inviting everyday meal, little premium but still weekday dinner, not luxury restaurant, not fine dining, not overstyled, not cartoon, not illustration, not glossy stock photo, no text, no hands, no people, no logos"
falafel-med-pasta-och-tomatsalsa,Falafel med pasta och tomatsalsa,"En tydlig vardagstallrik med falafel, pasta och tomatsalsa.",4,30,easy,vegetariskt,"vardag, familj, vegetariskt",/seed-recipes/images/falafel-med-pasta-och-tomatsalsa.png,"falafel with pasta, tomato salsa, cucumber, tomato and corn, realistic appetizing home-cooked Swedish family dinner, beautifully plated on a simple ceramic plate, fresh modern Scandinavian kitchen table setting, natural daylight, soft shadows, clean beige and warm wood tones, realistic food texture, inviting everyday meal, little premium but still weekday dinner, not luxury restaurant, not fine dining, not overstyled, not cartoon, not illustration, not glossy stock photo, no text, no hands, no people, no logos"
falafel-med-pasta-och-graddsas,Falafel med pasta och gräddsås,"En tydlig vardagstallrik med falafel, pasta och gräddsås.",4,30,easy,vegetariskt,"vardag, familj, vegetariskt",/seed-recipes/images/falafel-med-pasta-och-graddsas.png,"falafel with pasta, cream sauce, broccoli and carrots, realistic appetizing home-cooked Swedish family dinner, beautifully plated on a simple ceramic plate, fresh modern Scandinavian kitchen table setting, natural daylight, soft shadows, clean beige and warm wood tones, realistic food texture, inviting everyday meal, little premium but still weekday dinner, not luxury restaurant, not fine dining, not overstyled, not cartoon, not illustration, not glossy stock photo, no text, no hands, no people, no logos"
falafel-med-pasta-och-citronsas,Falafel med pasta och citronsås,"En tydlig vardagstallrik med falafel, pasta och citronsås.",4,30,easy,vegetariskt,"vardag, familj, vegetariskt",/seed-recipes/images/falafel-med-pasta-och-citronsas.png,"falafel with pasta, lemon yogurt sauce, peppers, red onion and salad, realistic appetizing home-cooked Swedish family dinner, beautifully plated on a simple ceramic plate, fresh modern Scandinavian kitchen table setting, natural daylight, soft shadows, clean beige and warm wood tones, realistic food texture, inviting everyday meal, little premium but still weekday dinner, not luxury restaurant, not fine dining, not overstyled, not cartoon, not illustration, not glossy stock photo, no text, no hands, no people, no logos"
falafel-med-bulgur-och-kall-ortsas,Falafel med bulgur och kall örtsås,"En tydlig vardagstallrik med falafel, bulgur och kall örtsås.",4,30,easy,vegetariskt,"vardag, familj, vegetariskt",/seed-recipes/images/falafel-med-bulgur-och-kall-ortsas.png,"falafel with bulgur, cold herb sauce, peas and lemon, realistic appetizing home-cooked Swedish family dinner, beautifully plated on a simple ceramic plate, fresh modern Scandinavian kitchen table setting, natural daylight, soft shadows, clean beige and warm wood tones, realistic food texture, inviting everyday meal, little premium but still weekday dinner, not luxury restaurant, not fine dining, not overstyled, not cartoon, not illustration, not glossy stock photo, no text, no hands, no people, no logos"
falafel-med-bulgur-och-vitlokssas,Falafel med bulgur och vitlökssås,"En tydlig vardagstallrik med falafel, bulgur och vitlökssås.",4,30,easy,vegetariskt,"vardag, familj, vegetariskt",/seed-recipes/images/falafel-med-bulgur-och-vitlokssas.png,"falafel with bulgur, garlic sauce, cabbage and carrots, realistic appetizing home-cooked Swedish family dinner, beautifully plated on a simple ceramic plate, fresh modern Scandinavian kitchen table setting, natural daylight, soft shadows, clean beige and warm wood tones, realistic food texture, inviting everyday meal, little premium but still weekday dinner, not luxury restaurant, not fine dining, not overstyled, not cartoon, not illustration, not glossy stock photo, no text, no hands, no people, no logos"
falafel-med-bulgur-och-tomatsalsa,Falafel med bulgur och tomatsalsa,"En tydlig vardagstallrik med falafel, bulgur och tomatsalsa.",4,30,easy,vegetariskt,"vardag, familj, vegetariskt",/seed-recipes/images/falafel-med-bulgur-och-tomatsalsa.png,"falafel with bulgur, tomato salsa, cucumber, tomato and corn, realistic appetizing home-cooked Swedish family dinner, beautifully plated on a simple ceramic plate, fresh modern Scandinavian kitchen table setting, natural daylight, soft shadows, clean beige and warm wood tones, realistic food texture, inviting everyday meal, little premium but still weekday dinner, not luxury restaurant, not fine dining, not overstyled, not cartoon, not illustration, not glossy stock photo, no text, no hands, no people, no logos"
falafel-med-bulgur-och-graddsas,Falafel med bulgur och gräddsås,"En tydlig vardagstallrik med falafel, bulgur och gräddsås.",4,30,easy,vegetariskt,"vardag, familj, vegetariskt",/seed-recipes/images/falafel-med-bulgur-och-graddsas.png,"falafel with bulgur, cream sauce, broccoli and carrots, realistic appetizing home-cooked Swedish family dinner, beautifully plated on a simple ceramic plate, fresh modern Scandinavian kitchen table setting, natural daylight, soft shadows, clean beige and warm wood tones, realistic food texture, inviting everyday meal, little premium but still weekday dinner, not luxury restaurant, not fine dining, not overstyled, not cartoon, not illustration, not glossy stock photo, no text, no hands, no people, no logos"
falafel-med-bulgur-och-citronsas,Falafel med bulgur och citronsås,"En tydlig vardagstallrik med falafel, bulgur och citronsås.",4,30,easy,vegetariskt,"vardag, familj, vegetariskt",/seed-recipes/images/falafel-med-bulgur-och-citronsas.png,"falafel with bulgur, lemon yogurt sauce, peppers, red onion and salad, realistic appetizing home-cooked Swedish family dinner, beautifully plated on a simple ceramic plate, fresh modern Scandinavian kitchen table setting, natural daylight, soft shadows, clean beige and warm wood tones, realistic food texture, inviting everyday meal, little premium but still weekday dinner, not luxury restaurant, not fine dining, not overstyled, not cartoon, not illustration, not glossy stock photo, no text, no hands, no people, no logos"
falafel-med-nudlar-och-kall-ortsas,Falafel med nudlar och kall örtsås,"En tydlig vardagstallrik med falafel, nudlar och kall örtsås.",4,30,easy,vegetariskt,"vardag, familj, vegetariskt",/seed-recipes/images/falafel-med-nudlar-och-kall-ortsas.png,"falafel with noodles, cold herb sauce, peas and lemon, realistic appetizing home-cooked Swedish family dinner, beautifully plated on a simple ceramic plate, fresh modern Scandinavian kitchen table setting, natural daylight, soft shadows, clean beige and warm wood tones, realistic food texture, inviting everyday meal, little premium but still weekday dinner, not luxury restaurant, not fine dining, not overstyled, not cartoon, not illustration, not glossy stock photo, no text, no hands, no people, no logos"
falafel-med-nudlar-och-vitlokssas,Falafel med nudlar och vitlökssås,"En tydlig vardagstallrik med falafel, nudlar och vitlökssås.",4,30,easy,vegetariskt,"vardag, familj, vegetariskt",/seed-recipes/images/falafel-med-nudlar-och-vitlokssas.png,"falafel with noodles, garlic sauce, cabbage and carrots, realistic appetizing home-cooked Swedish family dinner, beautifully plated on a simple ceramic plate, fresh modern Scandinavian kitchen table setting, natural daylight, soft shadows, clean beige and warm wood tones, realistic food texture, inviting everyday meal, little premium but still weekday dinner, not luxury restaurant, not fine dining, not overstyled, not cartoon, not illustration, not glossy stock photo, no text, no hands, no people, no logos"
falafel-med-nudlar-och-tomatsalsa,Falafel med nudlar och tomatsalsa,"En tydlig vardagstallrik med falafel, nudlar och tomatsalsa.",4,30,easy,vegetariskt,"vardag, familj, vegetariskt",/seed-recipes/images/falafel-med-nudlar-och-tomatsalsa.png,"falafel with noodles, tomato salsa, cucumber, tomato and corn, realistic appetizing home-cooked Swedish family dinner, beautifully plated on a simple ceramic plate, fresh modern Scandinavian kitchen table setting, natural daylight, soft shadows, clean beige and warm wood tones, realistic food texture, inviting everyday meal, little premium but still weekday dinner, not luxury restaurant, not fine dining, not overstyled, not cartoon, not illustration, not glossy stock photo, no text, no hands, no people, no logos"
falafel-med-nudlar-och-graddsas,Falafel med nudlar och gräddsås,"En tydlig vardagstallrik med falafel, nudlar och gräddsås.",4,30,easy,vegetariskt,"vardag, familj, vegetariskt",/seed-recipes/images/falafel-med-nudlar-och-graddsas.png,"falafel with noodles, cream sauce, broccoli and carrots, realistic appetizing home-cooked Swedish family dinner, beautifully plated on a simple ceramic plate, fresh modern Scandinavian kitchen table setting, natural daylight, soft shadows, clean beige and warm wood tones, realistic food texture, inviting everyday meal, little premium but still weekday dinner, not luxury restaurant, not fine dining, not overstyled, not cartoon, not illustration, not glossy stock photo, no text, no hands, no people, no logos"
falafel-med-nudlar-och-citronsas,Falafel med nudlar och citronsås,"En tydlig vardagstallrik med falafel, nudlar och citronsås.",4,30,easy,vegetariskt,"vardag, familj, vegetariskt",/seed-recipes/images/falafel-med-nudlar-och-citronsas.png,"falafel with noodles, lemon yogurt sauce, peppers, red onion and salad, realistic appetizing home-cooked Swedish family dinner, beautifully plated on a simple ceramic plate, fresh modern Scandinavian kitchen table setting, natural daylight, soft shadows, clean beige and warm wood tones, realistic food texture, inviting everyday meal, little premium but still weekday dinner, not luxury restaurant, not fine dining, not overstyled, not cartoon, not illustration, not glossy stock photo, no text, no hands, no people, no logos"
kebabkott-med-ris-och-kall-ortsas,Kebabkött med ris och kall örtsås,"En tydlig vardagstallrik med kebabkött, ris och kall örtsås.",4,30,easy,kött,"vardag, familj",/seed-recipes/images/kebabkott-med-ris-och-kall-ortsas.png,"kebab meat with rice, cold herb sauce, cucumber, tomato and corn, realistic appetizing home-cooked Swedish family dinner, beautifully plated on a simple ceramic plate, fresh modern Scandinavian kitchen table setting, natural daylight, soft shadows, clean beige and warm wood tones, realistic food texture, inviting everyday meal, little premium but still weekday dinner, not luxury restaurant, not fine dining, not overstyled, not cartoon, not illustration, not glossy stock photo, no text, no hands, no people, no logos"
kebabkott-med-ris-och-vitlokssas,Kebabkött med ris och vitlökssås,"En tydlig vardagstallrik med kebabkött, ris och vitlökssås.",4,30,easy,kött,"vardag, familj",/seed-recipes/images/kebabkott-med-ris-och-vitlokssas.png,"kebab meat with rice, garlic sauce, broccoli and carrots, realistic appetizing home-cooked Swedish family dinner, beautifully plated on a simple ceramic plate, fresh modern Scandinavian kitchen table setting, natural daylight, soft shadows, clean beige and warm wood tones, realistic food texture, inviting everyday meal, little premium but still weekday dinner, not luxury restaurant, not fine dining, not overstyled, not cartoon, not illustration, not glossy stock photo, no text, no hands, no people, no logos"
kebabkott-med-ris-och-tomatsalsa,Kebabkött med ris och tomatsalsa,"En tydlig vardagstallrik med kebabkött, ris och tomatsalsa.",4,30,easy,kött,"vardag, familj",/seed-recipes/images/kebabkott-med-ris-och-tomatsalsa.png,"kebab meat with rice, tomato salsa, peppers, red onion and salad, realistic appetizing home-cooked Swedish family dinner, beautifully plated on a simple ceramic plate, fresh modern Scandinavian kitchen table setting, natural daylight, soft shadows, clean beige and warm wood tones, realistic food texture, inviting everyday meal, little premium but still weekday dinner, not luxury restaurant, not fine dining, not overstyled, not cartoon, not illustration, not glossy stock photo, no text, no hands, no people, no logos"
kebabkott-med-ris-och-graddsas,Kebabkött med ris och gräddsås,"En tydlig vardagstallrik med kebabkött, ris och gräddsås.",4,30,easy,kött,"vardag, familj",/seed-recipes/images/kebabkott-med-ris-och-graddsas.png,"kebab meat with rice, cream sauce, peas and lemon, realistic appetizing home-cooked Swedish family dinner, beautifully plated on a simple ceramic plate, fresh modern Scandinavian kitchen table setting, natural daylight, soft shadows, clean beige and warm wood tones, realistic food texture, inviting everyday meal, little premium but still weekday dinner, not luxury restaurant, not fine dining, not overstyled, not cartoon, not illustration, not glossy stock photo, no text, no hands, no people, no logos"
kebabkott-med-ris-och-citronsas,Kebabkött med ris och citronsås,"En tydlig vardagstallrik med kebabkött, ris och citronsås.",4,30,easy,kött,"vardag, familj",/seed-recipes/images/kebabkott-med-ris-och-citronsas.png,"kebab meat with rice, lemon yogurt sauce, cabbage and carrots, realistic appetizing home-cooked Swedish family dinner, beautifully plated on a simple ceramic plate, fresh modern Scandinavian kitchen table setting, natural daylight, soft shadows, clean beige and warm wood tones, realistic food texture, inviting everyday meal, little premium but still weekday dinner, not luxury restaurant, not fine dining, not overstyled, not cartoon, not illustration, not glossy stock photo, no text, no hands, no people, no logos"
kebabkott-med-potatis-och-kall-ortsas,Kebabkött med potatis och kall örtsås,"En tydlig vardagstallrik med kebabkött, potatis och kall örtsås.",4,30,easy,kött,"vardag, familj",/seed-recipes/images/kebabkott-med-potatis-och-kall-ortsas.png,"kebab meat with boiled potatoes, cold herb sauce, cucumber, tomato and corn, realistic appetizing home-cooked Swedish family dinner, beautifully plated on a simple ceramic plate, fresh modern Scandinavian kitchen table setting, natural daylight, soft shadows, clean beige and warm wood tones, realistic food texture, inviting everyday meal, little premium but still weekday dinner, not luxury restaurant, not fine dining, not overstyled, not cartoon, not illustration, not glossy stock photo, no text, no hands, no people, no logos"
kebabkott-med-potatis-och-vitlokssas,Kebabkött med potatis och vitlökssås,"En tydlig vardagstallrik med kebabkött, potatis och vitlökssås.",4,30,easy,kött,"vardag, familj",/seed-recipes/images/kebabkott-med-potatis-och-vitlokssas.png,"kebab meat with boiled potatoes, garlic sauce, broccoli and carrots, realistic appetizing home-cooked Swedish family dinner, beautifully plated on a simple ceramic plate, fresh modern Scandinavian kitchen table setting, natural daylight, soft shadows, clean beige and warm wood tones, realistic food texture, inviting everyday meal, little premium but still weekday dinner, not luxury restaurant, not fine dining, not overstyled, not cartoon, not illustration, not glossy stock photo, no text, no hands, no people, no logos"
kebabkott-med-potatis-och-tomatsalsa,Kebabkött med potatis och tomatsalsa,"En tydlig vardagstallrik med kebabkött, potatis och tomatsalsa.",4,30,easy,kött,"vardag, familj",/seed-recipes/images/kebabkott-med-potatis-och-tomatsalsa.png,"kebab meat with boiled potatoes, tomato salsa, peppers, red onion and salad, realistic appetizing home-cooked Swedish family dinner, beautifully plated on a simple ceramic plate, fresh modern Scandinavian kitchen table setting, natural daylight, soft shadows, clean beige and warm wood tones, realistic food texture, inviting everyday meal, little premium but still weekday dinner, not luxury restaurant, not fine dining, not overstyled, not cartoon, not illustration, not glossy stock photo, no text, no hands, no people, no logos"
kebabkott-med-potatis-och-graddsas,Kebabkött med potatis och gräddsås,"En tydlig vardagstallrik med kebabkött, potatis och gräddsås.",4,30,easy,kött,"vardag, familj",/seed-recipes/images/kebabkott-med-potatis-och-graddsas.png,"kebab meat with boiled potatoes, cream sauce, peas and lemon, realistic appetizing home-cooked Swedish family dinner, beautifully plated on a simple ceramic plate, fresh modern Scandinavian kitchen table setting, natural daylight, soft shadows, clean beige and warm wood tones, realistic food texture, inviting everyday meal, little premium but still weekday dinner, not luxury restaurant, not fine dining, not overstyled, not cartoon, not illustration, not glossy stock photo, no text, no hands, no people, no logos"
kebabkott-med-potatis-och-citronsas,Kebabkött med potatis och citronsås,"En tydlig vardagstallrik med kebabkött, potatis och citronsås.",4,30,easy,kött,"vardag, familj",/seed-recipes/images/kebabkott-med-potatis-och-citronsas.png,"kebab meat with boiled potatoes, lemon yogurt sauce, cabbage and carrots, realistic appetizing home-cooked Swedish family dinner, beautifully plated on a simple ceramic plate, fresh modern Scandinavian kitchen table setting, natural daylight, soft shadows, clean beige and warm wood tones, realistic food texture, inviting everyday meal, little premium but still weekday dinner, not luxury restaurant, not fine dining, not overstyled, not cartoon, not illustration, not glossy stock photo, no text, no hands, no people, no logos"
kebabkott-med-rostad-potatis-och-kall-ortsas,Kebabkött med rostad potatis och kall örtsås,"En tydlig vardagstallrik med kebabkött, rostad potatis och kall örtsås.",4,40,easy,kött,"vardag, familj",/seed-recipes/images/kebabkott-med-rostad-potatis-och-kall-ortsas.png,"kebab meat with roasted potatoes, cold herb sauce, cucumber, tomato and corn, realistic appetizing home-cooked Swedish family dinner, beautifully plated on a simple ceramic plate, fresh modern Scandinavian kitchen table setting, natural daylight, soft shadows, clean beige and warm wood tones, realistic food texture, inviting everyday meal, little premium but still weekday dinner, not luxury restaurant, not fine dining, not overstyled, not cartoon, not illustration, not glossy stock photo, no text, no hands, no people, no logos"
kebabkott-med-rostad-potatis-och-vitlokssas,Kebabkött med rostad potatis och vitlökssås,"En tydlig vardagstallrik med kebabkött, rostad potatis och vitlökssås.",4,40,easy,kött,"vardag, familj",/seed-recipes/images/kebabkott-med-rostad-potatis-och-vitlokssas.png,"kebab meat with roasted potatoes, garlic sauce, broccoli and carrots, realistic appetizing home-cooked Swedish family dinner, beautifully plated on a simple ceramic plate, fresh modern Scandinavian kitchen table setting, natural daylight, soft shadows, clean beige and warm wood tones, realistic food texture, inviting everyday meal, little premium but still weekday dinner, not luxury restaurant, not fine dining, not overstyled, not cartoon, not illustration, not glossy stock photo, no text, no hands, no people, no logos"
kebabkott-med-rostad-potatis-och-tomatsalsa,Kebabkött med rostad potatis och tomatsalsa,"En tydlig vardagstallrik med kebabkött, rostad potatis och tomatsalsa.",4,40,easy,kött,"vardag, familj",/seed-recipes/images/kebabkott-med-rostad-potatis-och-tomatsalsa.png,"kebab meat with roasted potatoes, tomato salsa, peppers, red onion and salad, realistic appetizing home-cooked Swedish family dinner, beautifully plated on a simple ceramic plate, fresh modern Scandinavian kitchen table setting, natural daylight, soft shadows, clean beige and warm wood tones, realistic food texture, inviting everyday meal, little premium but still weekday dinner, not luxury restaurant, not fine dining, not overstyled, not cartoon, not illustration, not glossy stock photo, no text, no hands, no people, no logos"
kebabkott-med-rostad-potatis-och-graddsas,Kebabkött med rostad potatis och gräddsås,"En tydlig vardagstallrik med kebabkött, rostad potatis och gräddsås.",4,40,easy,kött,"vardag, familj",/seed-recipes/images/kebabkott-med-rostad-potatis-och-graddsas.png,"kebab meat with roasted potatoes, cream sauce, peas and lemon, realistic appetizing home-cooked Swedish family dinner, beautifully plated on a simple ceramic plate, fresh modern Scandinavian kitchen table setting, natural daylight, soft shadows, clean beige and warm wood tones, realistic food texture, inviting everyday meal, little premium but still weekday dinner, not luxury restaurant, not fine dining, not overstyled, not cartoon, not illustration, not glossy stock photo, no text, no hands, no people, no logos"
kebabkott-med-rostad-potatis-och-citronsas,Kebabkött med rostad potatis och citronsås,"En tydlig vardagstallrik med kebabkött, rostad potatis och citronsås.",4,40,easy,kött,"vardag, familj",/seed-recipes/images/kebabkott-med-rostad-potatis-och-citronsas.png,"kebab meat with roasted potatoes, lemon yogurt sauce, cabbage and carrots, realistic appetizing home-cooked Swedish family dinner, beautifully plated on a simple ceramic plate, fresh modern Scandinavian kitchen table setting, natural daylight, soft shadows, clean beige and warm wood tones, realistic food texture, inviting everyday meal, little premium but still weekday dinner, not luxury restaurant, not fine dining, not overstyled, not cartoon, not illustration, not glossy stock photo, no text, no hands, no people, no logos"
kebabkott-med-pasta-och-kall-ortsas,Kebabkött med pasta och kall örtsås,"En tydlig vardagstallrik med kebabkött, pasta och kall örtsås.",4,30,easy,kött,"vardag, familj",/seed-recipes/images/kebabkott-med-pasta-och-kall-ortsas.png,"kebab meat with pasta, cold herb sauce, cucumber, tomato and corn, realistic appetizing home-cooked Swedish family dinner, beautifully plated on a simple ceramic plate, fresh modern Scandinavian kitchen table setting, natural daylight, soft shadows, clean beige and warm wood tones, realistic food texture, inviting everyday meal, little premium but still weekday dinner, not luxury restaurant, not fine dining, not overstyled, not cartoon, not illustration, not glossy stock photo, no text, no hands, no people, no logos"
kebabkott-med-pasta-och-vitlokssas,Kebabkött med pasta och vitlökssås,"En tydlig vardagstallrik med kebabkött, pasta och vitlökssås.",4,30,easy,kött,"vardag, familj",/seed-recipes/images/kebabkott-med-pasta-och-vitlokssas.png,"kebab meat with pasta, garlic sauce, broccoli and carrots, realistic appetizing home-cooked Swedish family dinner, beautifully plated on a simple ceramic plate, fresh modern Scandinavian kitchen table setting, natural daylight, soft shadows, clean beige and warm wood tones, realistic food texture, inviting everyday meal, little premium but still weekday dinner, not luxury restaurant, not fine dining, not overstyled, not cartoon, not illustration, not glossy stock photo, no text, no hands, no people, no logos"
kebabkott-med-pasta-och-tomatsalsa,Kebabkött med pasta och tomatsalsa,"En tydlig vardagstallrik med kebabkött, pasta och tomatsalsa.",4,30,easy,kött,"vardag, familj",/seed-recipes/images/kebabkott-med-pasta-och-tomatsalsa.png,"kebab meat with pasta, tomato salsa, peppers, red onion and salad, realistic appetizing home-cooked Swedish family dinner, beautifully plated on a simple ceramic plate, fresh modern Scandinavian kitchen table setting, natural daylight, soft shadows, clean beige and warm wood tones, realistic food texture, inviting everyday meal, little premium but still weekday dinner, not luxury restaurant, not fine dining, not overstyled, not cartoon, not illustration, not glossy stock photo, no text, no hands, no people, no logos"
kebabkott-med-pasta-och-graddsas,Kebabkött med pasta och gräddsås,"En tydlig vardagstallrik med kebabkött, pasta och gräddsås.",4,30,easy,kött,"vardag, familj",/seed-recipes/images/kebabkott-med-pasta-och-graddsas.png,"kebab meat with pasta, cream sauce, peas and lemon, realistic appetizing home-cooked Swedish family dinner, beautifully plated on a simple ceramic plate, fresh modern Scandinavian kitchen table setting, natural daylight, soft shadows, clean beige and warm wood tones, realistic food texture, inviting everyday meal, little premium but still weekday dinner, not luxury restaurant, not fine dining, not overstyled, not cartoon, not illustration, not glossy stock photo, no text, no hands, no people, no logos"
kebabkott-med-pasta-och-citronsas,Kebabkött med pasta och citronsås,"En tydlig vardagstallrik med kebabkött, pasta och citronsås.",4,30,easy,kött,"vardag, familj",/seed-recipes/images/kebabkott-med-pasta-och-citronsas.png,"kebab meat with pasta, lemon yogurt sauce, cabbage and carrots, realistic appetizing home-cooked Swedish family dinner, beautifully plated on a simple ceramic plate, fresh modern Scandinavian kitchen table setting, natural daylight, soft shadows, clean beige and warm wood tones, realistic food texture, inviting everyday meal, little premium but still weekday dinner, not luxury restaurant, not fine dining, not overstyled, not cartoon, not illustration, not glossy stock photo, no text, no hands, no people, no logos"
kebabkott-med-bulgur-och-kall-ortsas,Kebabkött med bulgur och kall örtsås,"En tydlig vardagstallrik med kebabkött, bulgur och kall örtsås.",4,30,easy,kött,"vardag, familj",/seed-recipes/images/kebabkott-med-bulgur-och-kall-ortsas.png,"kebab meat with bulgur, cold herb sauce, cucumber, tomato and corn, realistic appetizing home-cooked Swedish family dinner, beautifully plated on a simple ceramic plate, fresh modern Scandinavian kitchen table setting, natural daylight, soft shadows, clean beige and warm wood tones, realistic food texture, inviting everyday meal, little premium but still weekday dinner, not luxury restaurant, not fine dining, not overstyled, not cartoon, not illustration, not glossy stock photo, no text, no hands, no people, no logos"
kebabkott-med-bulgur-och-vitlokssas,Kebabkött med bulgur och vitlökssås,"En tydlig vardagstallrik med kebabkött, bulgur och vitlökssås.",4,30,easy,kött,"vardag, familj",/seed-recipes/images/kebabkott-med-bulgur-och-vitlokssas.png,"kebab meat with bulgur, garlic sauce, broccoli and carrots, realistic appetizing home-cooked Swedish family dinner, beautifully plated on a simple ceramic plate, fresh modern Scandinavian kitchen table setting, natural daylight, soft shadows, clean beige and warm wood tones, realistic food texture, inviting everyday meal, little premium but still weekday dinner, not luxury restaurant, not fine dining, not overstyled, not cartoon, not illustration, not glossy stock photo, no text, no hands, no people, no logos"
kebabkott-med-bulgur-och-tomatsalsa,Kebabkött med bulgur och tomatsalsa,"En tydlig vardagstallrik med kebabkött, bulgur och tomatsalsa.",4,30,easy,kött,"vardag, familj",/seed-recipes/images/kebabkott-med-bulgur-och-tomatsalsa.png,"kebab meat with bulgur, tomato salsa, peppers, red onion and salad, realistic appetizing home-cooked Swedish family dinner, beautifully plated on a simple ceramic plate, fresh modern Scandinavian kitchen table setting, natural daylight, soft shadows, clean beige and warm wood tones, realistic food texture, inviting everyday meal, little premium but still weekday dinner, not luxury restaurant, not fine dining, not overstyled, not cartoon, not illustration, not glossy stock photo, no text, no hands, no people, no logos"
kebabkott-med-bulgur-och-graddsas,Kebabkött med bulgur och gräddsås,"En tydlig vardagstallrik med kebabkött, bulgur och gräddsås.",4,30,easy,kött,"vardag, familj",/seed-recipes/images/kebabkott-med-bulgur-och-graddsas.png,"kebab meat with bulgur, cream sauce, peas and lemon, realistic appetizing home-cooked Swedish family dinner, beautifully plated on a simple ceramic plate, fresh modern Scandinavian kitchen table setting, natural daylight, soft shadows, clean beige and warm wood tones, realistic food texture, inviting everyday meal, little premium but still weekday dinner, not luxury restaurant, not fine dining, not overstyled, not cartoon, not illustration, not glossy stock photo, no text, no hands, no people, no logos"
